id,text,n_tokens,document_ids,entity_ids,relationship_ids
78694c2f02a78b42f413d98bcc76e527,Constant LIFE_CYCLE_MGM_ERROR when executing RS from sleep -- No GBIT ETH Link from MGU22 to WAVE,24,['HU22DM-156485'],"['4119fd06010c494caa07f439b333f4c5' 'd3835bf3dda84ead99deadbeac5d0d7d'
 '077d2820ae1845bcbb1803379a3d1eae' '3671ea0dd4e84c1a9b02c5ab2c8f4bac'
 '19a7f254a5d64566ab5cc15472df02de' 'e7ffaee9d31d4d3c96e04f911d0a8f9e'
 'f7e11b0e297a44a896dc67928368f600']",['81869985b45a4fefbbbb23ea118a3de4']
45a47bb0690d91ed05f85dad1776bc56,"[PaDi-SI] PaDi did not wake up after LC, DLT logs also stopped running ",22,['HU22DM-156514'],"['4119fd06010c494caa07f439b333f4c5' 'd3835bf3dda84ead99deadbeac5d0d7d'
 '077d2820ae1845bcbb1803379a3d1eae' '1fd3fa8bb5a2408790042ab9573779ee'
 '27f9fbe6ad8c4a8b9acee0d3596ed57c' 'e1fd0e904a53409aada44442f23a51cb']",['3f3a2d7aa1294116814f0b4d89baa23d' '3073b33926bd4f33807ffa3befacefaf']
f329c668191e3367609b7bc41cdc48a0,No IOC Alive counter >> no MGU switch >> WAVE not powered >> eCall CCM,19,['HU22DM-157507'],"['4119fd06010c494caa07f439b333f4c5' 'd3835bf3dda84ead99deadbeac5d0d7d'
 '077d2820ae1845bcbb1803379a3d1eae' 'f7e11b0e297a44a896dc67928368f600'
 'de988724cfdf45cebfba3b13c43ceede' '96aad7cb4b7d40e9b7e13b94a67af206'
 'c9632a35146940c2a86167c7726d35e9']",['28e7639f55ce464c8a080cbb2c745fa2' '2b916117691c4872a9c4e4888d4fe4ab']
80fd6c58091eb31c0a8e40a0b27473bd,"Black screen permanently in second 15 lifecycles of the weekend test drive, no recovery",18,['HU22DM-157544'],"['4119fd06010c494caa07f439b333f4c5' 'd3835bf3dda84ead99deadbeac5d0d7d'
 '077d2820ae1845bcbb1803379a3d1eae' '9646481f66ce4fd2b08c2eddda42fc82'
 'd91a266f766b4737a06b0fda588ba40b' 'bc0e3f075a4c4ebbb7c7b152b65a5625'
 '254770028d7a4fa9877da4ba0ad5ad21']",['e744c118ae7f4638a01d060bbaedd6e9']
413508076503ffc1791365f31de7f406,Black Screen Kombi after a fast Life Cycle,10,['HU22DM-157617'],"['4119fd06010c494caa07f439b333f4c5' 'd3835bf3dda84ead99deadbeac5d0d7d'
 '077d2820ae1845bcbb1803379a3d1eae' '4a67211867e5464ba45126315a122a8a'
 '04dbbb2283b845baaeac0eaf0c34c9da']",['e1c1080c717d437996def1a41772d179']
9c0f0dd4c99b02f2563aa2d10aec7236,IDC23 SV_US - HU crash Eth.service crash,12,['HU22DM-157693'],"['4119fd06010c494caa07f439b333f4c5' 'd3835bf3dda84ead99deadbeac5d0d7d'
 '077d2820ae1845bcbb1803379a3d1eae' '1943f245ee4243bdbfbd2fd619ae824a'
 '273daeec8cad41e6b3e450447db58ee7' 'e69dc259edb944ea9ea41264b9fcfe59'
 'e2f5735c7d714423a2c4f61ca2644626']",['63fba9a7c47a4f14ac0bee6bc90d0fea' '2139b0906dc541e094138a978d070416']
5ad45bd483d79609ef98d1ea70c8cd36,I20: Multiple Coldboots with ResumeNo 0 and 1,15,['HU22DM-157786'],"['4119fd06010c494caa07f439b333f4c5' 'd3835bf3dda84ead99deadbeac5d0d7d'
 '077d2820ae1845bcbb1803379a3d1eae' 'deece7e64b2a4628850d4bb6e394a9c3'
 'e657b5121ff8456b9a610cfaead8e0cb' 'bf4e255cdac94ccc83a56435a5e4b075'
 '3b040bcc19f14e04880ae52881a89c1c']",['d1fd271d16c348019c2fcced762b35a2']
6ae37b9ba3a17fa65c721371ae3e5646,"FIT-Fahrzeug / VIT-Vehicle D0103Y - Botschaft(Relativzeit BN2020, ID: RELATIVZEIT) fehlt",36,['HU22DM-158249'],"['4119fd06010c494caa07f439b333f4c5' 'd3835bf3dda84ead99deadbeac5d0d7d'
 '077d2820ae1845bcbb1803379a3d1eae' '68105770b523412388424d984e711917'
 '85c79fd84f5e4f918471c386852204c5' 'eae4259b19a741ab9f9f6af18c4a0470'
 '3138f39f2bcd43a69e0697cd3b05bc4d']",['3076f330d121489aa50964ce54a3b1ac' 'aa946d4379694a74ba0da37e69d2810a']
2790bae7f2c75a57fb2b3355a842e5a4,"ZBE up and down signals work, but the rest of the features don't work.",18,['HU22DM-159142'],"['4119fd06010c494caa07f439b333f4c5' 'd3835bf3dda84ead99deadbeac5d0d7d'
 '077d2820ae1845bcbb1803379a3d1eae' 'e2bf260115514fb3b252fd879fb3e7be'
 'b462b94ce47a4b8c8fffa33f7242acec']",['268446fc52a54fd2837f73aeb3e0b74f']
2045a423d7ec0e6b18300c4009b51f97,[LifeCycle-RTC] [IDC23] DFE stays black after LC while route guidance active.,22,['HU22DM-159183'],"['4119fd06010c494caa07f439b333f4c5' 'd3835bf3dda84ead99deadbeac5d0d7d'
 '077d2820ae1845bcbb1803379a3d1eae' '1943f245ee4243bdbfbd2fd619ae824a'
 '17ed1d92075643579a712cc6c29e8ddb' '3ce7c210a21b4deebad7cc9308148d86'
 'd64ed762ea924caa95c8d06f072a9a96']",['6bfc2395b4f54a528a1ebac94a43acb8' 'f6ddfa8491ff40d2839bb5b2e105df22']
5b2875e1c818a3da9b0b3be551d1b092,[IDC23]  IOC_WATCHDOG_RESET,9,['HU22DM-159525'],"['4119fd06010c494caa07f439b333f4c5' 'd3835bf3dda84ead99deadbeac5d0d7d'
 '077d2820ae1845bcbb1803379a3d1eae' '3d6b216c14354332b1bf1927ba168986'
 'adf4ee3fbe9b4d0381044838c4f889c8']",['058f66cc356b43cc9433bd3c8d57fa46']
13bd16bd84d1d944ba4eda1cd1f97d81,"FIT-Fahrzeug / VIT-Vehicle D01030 - Message (Status Anzeige Kombi, ID: ST_DISP_KI) Missing",31,['HU22DM-160679'],"['4119fd06010c494caa07f439b333f4c5' 'd3835bf3dda84ead99deadbeac5d0d7d'
 '077d2820ae1845bcbb1803379a3d1eae' '3d0dcbc8971b415ea18065edc4d8c8ef'
 '68105770b523412388424d984e711917' '32ee140946e5461f9275db664dc541a5'
 'c160b9cb27d6408ba6ab20214a2f3f81' '23527cd679ff4d5a988d52e7cd056078']","['c8e5d3afdcb54c8589e280f0c4a87417' 'f3d30627e19245649e497ab49bf0fa30'
 '8130a1a82bde46048952cf147690e630']"
6eaf196fc6a057eed197922d34d1c0a6,IDC incl. HUD do not start up or need very long for a few minutes,17,['HU22DM-160719'],"['4119fd06010c494caa07f439b333f4c5' 'd3835bf3dda84ead99deadbeac5d0d7d'
 '077d2820ae1845bcbb1803379a3d1eae' 'f1c6eed066f24cbdb376b910fce29ed4'
 '83a6cb03df6b41d8ad6ee5f6fef5f024' '147c038aef3e4422acbbc5f7938c4ab8'
 'b7702b90c7f24190b864e8c6e64612a5']",['79c99026b7ef4946b9b8e0be841fd4c5']
f12bd8809b9a4fbde18d50ae1f1388fb,[IDC23][Stability Auto]: While stability automation observed Crash ID: 2522215684262056414 and Process Name: eth-ctrl.service,31,['HU22DM-161436'],"['4119fd06010c494caa07f439b333f4c5' 'd3835bf3dda84ead99deadbeac5d0d7d'
 '077d2820ae1845bcbb1803379a3d1eae' '6fae5ee1a831468aa585a1ea09095998'
 'ef32c4b208d041cc856f6837915dc1b0' '07b2425216bd4f0aa4e079827cb48ef5']",['09940fed9d154504948bba2df1789a50' '4d6608557eed49368a6d09c7c5c664c5']
211397562072e865dcde9c2fafb534b5,[MGU22] RestartPlatform :signalgateway.service,12,['HU22DM-162591'],"['4119fd06010c494caa07f439b333f4c5' 'd3835bf3dda84ead99deadbeac5d0d7d'
 '077d2820ae1845bcbb1803379a3d1eae' 'e7ffaee9d31d4d3c96e04f911d0a8f9e'
 '2670deebfa3f4d69bb82c28ab250a209' '404309e89a5241d6bff42c05a45df206']",['42b8584c5a874eb08fbd61f0c18f3ca0']
4aa2f720394e12efb67e7221a8c3e845, [MGU -E][ 23-11]STR exit on timeout ends up in alarm update loop,21,['HU22DM-162701'],"['4119fd06010c494caa07f439b333f4c5' 'd3835bf3dda84ead99deadbeac5d0d7d'
 '077d2820ae1845bcbb1803379a3d1eae' 'de6fa24480894518ab3cbcb66f739266'
 'b785a9025069417f94950ad231bb1441' '3b6cd96a27304614850709aba1c9598b']",['d034e4fd8ac849278e658daad1a1f033']
6e92c9d95d4da810634624fe16b99344,CLONE - Kernel crashes are masked as cold boots,10,['HU22DM-162709'],"['4119fd06010c494caa07f439b333f4c5' 'd3835bf3dda84ead99deadbeac5d0d7d'
 '077d2820ae1845bcbb1803379a3d1eae' 'd54956b79dd147f894b67a8b97dcbef0'
 '958beecdb5bb4060948415ffd75d2b03']",['0e9740e25f5a460c81318336e00ac880']
1a03dc612a3f20b5016da81e642dffc1,[BI_D2ML] [RR25] CID black screen after starting a new LC (reset),21,['HU22DM-163250'],"['4119fd06010c494caa07f439b333f4c5' 'd3835bf3dda84ead99deadbeac5d0d7d'
 '077d2820ae1845bcbb1803379a3d1eae' 'b999ed77e19e4f85b7f1ae79af5c002a'
 '48c0c4d72da74ff5bb926fa0c856d1a7' '4f3c97517f794ebfb49c4c6315f9cf23']",['d6700b360ac141d282cdb567414bf4ce' 'c1b40a4039b44061a358e098867f7412']
2225399269f5b8d8b66b99cf4000276e,IDC23_U12_DFE black screen after startup the vehicle,13,['HU22DM-163357'],"['4119fd06010c494caa07f439b333f4c5' 'd3835bf3dda84ead99deadbeac5d0d7d'
 '077d2820ae1845bcbb1803379a3d1eae' '1745a2485a9443bab76587ad650e9be0'
 '32e6ccab20d94029811127dbbe424c64' '94a964c6992945ebb3833dfdfdc8d655']",['62c65bbae33c4ee9a21b61f6f454c4b4']
264f25220ba4af0a533536c5f131719d,IOC_WATCHDOG_RESET,4,['HU22DM-163829'],"['4119fd06010c494caa07f439b333f4c5' 'd3835bf3dda84ead99deadbeac5d0d7d'
 '077d2820ae1845bcbb1803379a3d1eae' '3d6b216c14354332b1bf1927ba168986'
 '1c109cfdc370463eb6d537e5b7b382fb' '1eb829d0ace042089f0746f78729696c'
 '015e7b58d1a14b44beab3bbc9f912c18']","['ff74091eaba246698fcae59c21eec828' 'f6cbbf1b8f4b48a28a16e4dd8976b9bb'
 '757ca40654d5476aa949a26b733be8d4']"
106e9295bcfedcccf6687dc20ed91e0c,IOC_WATCHDOG_RESET,4,['HU22DM-163875'],"['4119fd06010c494caa07f439b333f4c5' 'd3835bf3dda84ead99deadbeac5d0d7d'
 '077d2820ae1845bcbb1803379a3d1eae' '3d6b216c14354332b1bf1927ba168986'
 '1c109cfdc370463eb6d537e5b7b382fb' '1eb829d0ace042089f0746f78729696c'
 '015e7b58d1a14b44beab3bbc9f912c18']","['ff74091eaba246698fcae59c21eec828' 'f6cbbf1b8f4b48a28a16e4dd8976b9bb'
 '757ca40654d5476aa949a26b733be8d4']"
32dd9f1e052bb8720a07b05aa6fb5e27,[0724-381][G28 LCI][MGU22][Inline]_MGU_02_L: NO RESPONSE FROM CONTROLUNIT.,30,['HU22DM-163910'],"['4119fd06010c494caa07f439b333f4c5' 'd3835bf3dda84ead99deadbeac5d0d7d'
 '077d2820ae1845bcbb1803379a3d1eae' '26f88ab3e2e04c33a459ad6270ade565'
 'babe97e1d9784cffa1c85abc1e588126']",['81446ea789b24eaf9eab02dc07c3d984']
61e528d9a380f24404cd2de394311bd5,CLONE - FIT_CN_U12BEVã€Performanceã€‘:MMI ready time exceed target value,25,['HU22DM-163942'],"['4119fd06010c494caa07f439b333f4c5' 'd3835bf3dda84ead99deadbeac5d0d7d'
 '077d2820ae1845bcbb1803379a3d1eae' '3d0dcbc8971b415ea18065edc4d8c8ef'
 'd54956b79dd147f894b67a8b97dcbef0' '1033a18c45aa4584b2aef6ab96890351'
 'c9b8ce91fc2945b4907fe35519339cac']",['b7cd9a62710849778fdadced0d754687']
bd6d9a5cf87b1af138c29eb3af9c5414,[IDC23_D] Nightly Build BAT Failure: mgu22-test-execution-environment.post_serial_marker_tests.check that no stack trace is dumped during ioc execution,34,['HU22DM-163954'],"['4119fd06010c494caa07f439b333f4c5' 'd3835bf3dda84ead99deadbeac5d0d7d'
 '077d2820ae1845bcbb1803379a3d1eae' '3d0dcbc8971b415ea18065edc4d8c8ef'
 'fa3c4204421c48609e52c8de2da4c654' '53af055f068244d0ac861b2e89376495'
 'c03ab3ce8cb74ad2a03b94723bfab3c7']",['69db426b97714835bf4937180774787a' '9c7bc862339d4a5bb21ee5154d9b33bb']
c06fc6dd3a2a71fb3c9ffae93ae426f6,BI_2307toML [HU][IDC][pu2307] STR exit on timeout ends up in alarm update loop,26,['HU22DM-164897'],"['4119fd06010c494caa07f439b333f4c5' 'd3835bf3dda84ead99deadbeac5d0d7d'
 '077d2820ae1845bcbb1803379a3d1eae' 'e69dc259edb944ea9ea41264b9fcfe59'
 'f1c6eed066f24cbdb376b910fce29ed4' 'ed6d2eee9d7b4f5db466b1f6404d31cc'
 'fc01e9baa80e417c9206f941bb279407']","['ff5466607e5d4453b1d833629292f664' 'fdcb1673254842f1935f53d0c38c467e'
 '7deb75816e4f473480e0c79ae99b5bf4']"
6bd2fe643bdcc6be72047366d70c9d36,"FIT-Fahrzeug / VIT-Vehicle D0103Y - Botschaft (Field displayArrows, 0x3509) nicht aktuell, EmpfÃ¤nger KOMBI, Sender BCP21_GW",48,['HU22DM-165137'],"['4119fd06010c494caa07f439b333f4c5' 'd3835bf3dda84ead99deadbeac5d0d7d'
 '077d2820ae1845bcbb1803379a3d1eae' '68105770b523412388424d984e711917'
 '85c79fd84f5e4f918471c386852204c5' '56d0e5ebe79e4814bd1463cf6ca21394'
 '7c49f2710e8b4d3b8dc9310834406ea5' 'c6d1e4f56c2843e89cf0b91c10bb6de2'
 '0adb2d9941f34ef7b2f7743cc6225844']",['d148b2b2033048618f1a090a492a40a5']
ffecca81d2d2f0fb0b1752286ad2c891,IOC_WATCHDOG_RESET,4,['HU22DM-165520'],"['4119fd06010c494caa07f439b333f4c5' 'd3835bf3dda84ead99deadbeac5d0d7d'
 '077d2820ae1845bcbb1803379a3d1eae' '3d6b216c14354332b1bf1927ba168986'
 '1c109cfdc370463eb6d537e5b7b382fb' '1eb829d0ace042089f0746f78729696c'
 '015e7b58d1a14b44beab3bbc9f912c18']","['ff74091eaba246698fcae59c21eec828' 'f6cbbf1b8f4b48a28a16e4dd8976b9bb'
 '757ca40654d5476aa949a26b733be8d4']"
dcbbc08412a95a4863db9dfed9ae7a41,Kombi did not turn on until manual reset,10,['HU22DM-166595'],"['4119fd06010c494caa07f439b333f4c5' 'd3835bf3dda84ead99deadbeac5d0d7d'
 '077d2820ae1845bcbb1803379a3d1eae' 'c6d1e4f56c2843e89cf0b91c10bb6de2'
 '36a4fcd8efc144e6b8af9a1c7ab8b2ce']",['4d839a10353e4144a26563b0966721d5']
20db9c0dd62cade55b075611582ceb52,Target not waking up from UV conditions,7,['HU22DM-166601'],"['4119fd06010c494caa07f439b333f4c5' 'd3835bf3dda84ead99deadbeac5d0d7d'
 '077d2820ae1845bcbb1803379a3d1eae' 'fbeef791d19b413a9c93c6608286ab63'
 'd2b629c0396f4180a03e16ddf3818589']",['521a862bb196488389f17c0b0f4b6f4d']
a54f32c60cd4cca34c0a066fab49ca87,[IDC23_E][2311]:WAKEUP_REASON_IOC_WATCHDOG_RESET for U006_7J70681 ,25,['HU22DM-168584'],"['4119fd06010c494caa07f439b333f4c5' 'd3835bf3dda84ead99deadbeac5d0d7d'
 '077d2820ae1845bcbb1803379a3d1eae' '3d0dcbc8971b415ea18065edc4d8c8ef'
 '6102fc6619ed422ebc42588bfa97355d' '8d141c0b80f74b79a05eed7fe161fe49'
 'e22d1d1cd8d14f12b81828d940f40d70']","['3f9a2a2c1c0a424e8b4980ea9d48bdbe' 'aa2ec452728a4703ae1bdabe85b6c079'
 'c5ddb31e0a9c4b2683e4631283dd505b']"
bb863e7d23568e97bb4f20c0f09d87f2,IOC_WATCHDOG_RESET,4,['HU22DM-168855'],"['4119fd06010c494caa07f439b333f4c5' 'd3835bf3dda84ead99deadbeac5d0d7d'
 '077d2820ae1845bcbb1803379a3d1eae' '3d6b216c14354332b1bf1927ba168986'
 '1c109cfdc370463eb6d537e5b7b382fb' '1eb829d0ace042089f0746f78729696c'
 '015e7b58d1a14b44beab3bbc9f912c18']","['ff74091eaba246698fcae59c21eec828' 'f6cbbf1b8f4b48a28a16e4dd8976b9bb'
 '757ca40654d5476aa949a26b733be8d4']"
6963ec899be88537c2941c7683d0cfcb,[BI][HU][IDC][pu2311] STR exit on timeout ends up in alarm update loop,22,['HU22DM-170923'],"['4119fd06010c494caa07f439b333f4c5' 'd3835bf3dda84ead99deadbeac5d0d7d'
 '077d2820ae1845bcbb1803379a3d1eae' '9ab48505fb1b487babd0d1f6d3a3f980'
 '148fffeb994541b2b4b6dcefda7001a8' '89c08e793298442686292454a1abff31']",['33905debec1a45ecae1c65daac1d854c' 'bfbe904780fe47daad1a04126b12923c']
1dffee3b908bcf0751d4b6877aca42ea,BI_D2ML MGU22 Temperature Sensors incorrect displayed values in DLT,15,['HU22DM-171347'],"['4119fd06010c494caa07f439b333f4c5' 'd3835bf3dda84ead99deadbeac5d0d7d'
 '077d2820ae1845bcbb1803379a3d1eae' '3c063eea52e94164b70c99431ea30bae'
 '252cc8452bfc4c2aa58cab68d8b61879' '7e2c84548fb94ee395ba8588d8f2a006']",['8ea7cef407df48098046551e303e1c64' '186e60d2176547bf84e5bf87bd16bb40']
9586c06886abf1586a1758c00adddcb3,EA-FIT - I20 â€“ MGU Aufstart fehlerhaft // MGU start-up faulty,22,['HU22DM-171463'],"['4119fd06010c494caa07f439b333f4c5' 'd3835bf3dda84ead99deadbeac5d0d7d'
 '077d2820ae1845bcbb1803379a3d1eae' 'de6fa24480894518ab3cbcb66f739266'
 'f034618dde7948beb6dab30176d0fc87' '5c41f96be13e49dba649454297834546']",['091e998370dd42d1b05ab0fcf6595a7e' '1e6cabc18fab4c048281fd29d3044438']
e63e71033e5973e3521ddff778ca35d3,BI_2311toML No content is visible on HUD,12,['HU22DM-171866'],"['4119fd06010c494caa07f439b333f4c5' 'd3835bf3dda84ead99deadbeac5d0d7d'
 '077d2820ae1845bcbb1803379a3d1eae' '91ff849d12b24574b0691dbddf44968b'
 'd73c1f2fb3094d8dace42ad2a76e9a52']",['e65017091c8d4c7daa45b6c8414e0465']
dee02c29ee12ac56a5d7bfe57c8d5abc,IDC : IOC_WATCHDOG_RESET,7,['HU22DM-172298'],"['4119fd06010c494caa07f439b333f4c5' 'd3835bf3dda84ead99deadbeac5d0d7d'
 '077d2820ae1845bcbb1803379a3d1eae' '3d6b216c14354332b1bf1927ba168986'
 'f1c6eed066f24cbdb376b910fce29ed4']",['539d55e7c42e44b59d98f59fae3e0ee1']
4102370503cd9bf6c2f6d53fc36975c2,[IDC23_E][2311]:WAKEUP_REASON_IOC_WATCHDOG_RESET in Fahren for 7L54719,25,['HU22DM-172636'],"['4119fd06010c494caa07f439b333f4c5' 'd3835bf3dda84ead99deadbeac5d0d7d'
 '077d2820ae1845bcbb1803379a3d1eae' '3d6b216c14354332b1bf1927ba168986'
 '8d141c0b80f74b79a05eed7fe161fe49' 'bef16fb5fd7344cca5e295b13ef3e0cd'
 'cdc8901e668749889bd49bebdc4ff1f6']",['07d8eeb549044ac88d2e788c146a0ef1' '563c2af32bb3476299e9b24a646097ab']
06339417dd129043f8102316e372f97b,[IDC23][STR] HUD_RESET_3.3V Incorrect in STR State,17,['HU22DM-173007'],"['4119fd06010c494caa07f439b333f4c5' 'd3835bf3dda84ead99deadbeac5d0d7d'
 '077d2820ae1845bcbb1803379a3d1eae' '1943f245ee4243bdbfbd2fd619ae824a'
 '36084a9fab53433493f079e97e68bf65' 'eebcc7ec8e3e4df7aea83659bbdc2199']",['1cce5cebf437428eb1a60dffbdfa603f']
2701318aa6b7a9afac87cdf7f06be4fa,[IDC23][STR] APIX Chip Selects Incorrect in STR State,15,['HU22DM-173226'],"['4119fd06010c494caa07f439b333f4c5' 'd3835bf3dda84ead99deadbeac5d0d7d'
 '077d2820ae1845bcbb1803379a3d1eae' '1943f245ee4243bdbfbd2fd619ae824a'
 'eebcc7ec8e3e4df7aea83659bbdc2199' 'ceadf262ef834e9ab146b20650912cae']",['dc94039d6643460ca3c66150b9087129' 'bf91f36307cb43e1ab1e967cb3ba8274']
046b9075b99ef77e1f8fa7d1156334bc,[IDC23][STR] APIX MB0 Incorrect Configuration,12,['HU22DM-173227'],"['4119fd06010c494caa07f439b333f4c5' 'd3835bf3dda84ead99deadbeac5d0d7d'
 '077d2820ae1845bcbb1803379a3d1eae' '7f65feab75424b53b24470d305ba331a'
 'fd9cb733b28d420cb5cef01e545a132c' '0fbcca3f17c649a08aea64b5a7d9ef36']",['cd58a8740ba54d86a77db9bb9544ef0d']
0aa243942da652d5a1747247f52dea02,BAT Failure_MGU22: oops crash handler error seen on IOC dlt,16,['HU22DM-173300'],"['4119fd06010c494caa07f439b333f4c5' 'd3835bf3dda84ead99deadbeac5d0d7d'
 '077d2820ae1845bcbb1803379a3d1eae' '1c109cfdc370463eb6d537e5b7b382fb'
 '482027a59f32484c9c44fd700615c1b6' 'de837ff3d626451282ff6ac77a82216d']",['bdcbcccadd474b3bbe9a8f56c811bab4']
ddc5db0d99054990fc7e3df37f711e27,Unexpected wakeup reason -graceful power off  observed when the system resumes from STR ,18,['HU22DM-173736'],"['4119fd06010c494caa07f439b333f4c5' 'd3835bf3dda84ead99deadbeac5d0d7d'
 '077d2820ae1845bcbb1803379a3d1eae' '148fffeb994541b2b4b6dcefda7001a8'
 '460295fed3ae4cd39f9f274cec9c2506' '553b285bba60460ab1ed8341ae61282b']",['1ce76a5547854d458878bd445f0ccbd6']
e5d2a321469250dee3b1b85e9b569a2b,[MGU22][ZST][IuK_CAN][TC 2.1] # Transition to NoCommunication on valid wake-up line pulse length,31,['HU22DM-173738'],"['4119fd06010c494caa07f439b333f4c5' 'd3835bf3dda84ead99deadbeac5d0d7d'
 '077d2820ae1845bcbb1803379a3d1eae' 'cec95bf17e7e4c939b56c9c6f402a29f'
 '599164aead034bc19446efacc77554d2' 'bbf148ae4d48422f8fdef754cfa2b9e4'
 'de61b2670999433f807a6a1dc2b81e43' '3e95dacfe57b4d57b5da4310ef2e157f']",['11e4325f59394ff1bc89892f79288702' '1389192ce5464be6b3b5749bc9536709']
23688e9dc337373f3b1a22dde4d91f6c,FIT-Fahrzeug / VIT-Vehicle D0103Y - System Health: Resetfehler | no crashID,25,['HU22DM-175044'],"['4119fd06010c494caa07f439b333f4c5' 'd3835bf3dda84ead99deadbeac5d0d7d'
 '077d2820ae1845bcbb1803379a3d1eae' '68105770b523412388424d984e711917'
 '85c79fd84f5e4f918471c386852204c5' '0467928aa65e4a4fba62bdb1467e3a54'
 'd136b08d586d488f9e4188b524c85a29']",['e3f1098c3d984bc7b5f30b9c0101f7a6']
76c05aa95fb4be4ccf65725072d479ba,IDC_Kombi Display is not provided while driving,11,['HU22DM-175356'],"['4119fd06010c494caa07f439b333f4c5' 'd3835bf3dda84ead99deadbeac5d0d7d'
 '077d2820ae1845bcbb1803379a3d1eae' 'cccfa151fedc4b218a8d96adc7dceabe'
 'ce54725672a74ebcabe6127577dacb2b']",['efd87a59d01e47c8adc02f63ef2c5c3e']
43589fe9a00b5cd521a6f3d5ea3e87ac,U12ICE_IDC_Black screen when vehicle startup,11,['HU22DM-175811'],"['4119fd06010c494caa07f439b333f4c5' 'd3835bf3dda84ead99deadbeac5d0d7d'
 '077d2820ae1845bcbb1803379a3d1eae' 'ea2b28ca1a974ffab4517811dc1d1e5c'
 'aff21f1da1654e7babdcf3fb0e4a75fc']",['80e3ce3de41e4601823a333e22b7bb3f']
be4e3c313a76922c52076bc989ed8134,Target setup failures due to WDG ERROR on IOC - Mainline,13,['HU22DM-176600'],"['4119fd06010c494caa07f439b333f4c5' 'd3835bf3dda84ead99deadbeac5d0d7d'
 '077d2820ae1845bcbb1803379a3d1eae' 'dc2cc9016e3f49dbac7232f05cce794d'
 '6ea0cef05f694dcea455478f40674e45' '7ab5d53a872f4dfc98f3d386879f3c75']",['5197a3fb02ef4677abd1900aa87e4efa' '887f444240bb474da23cdfb6abf7a998']
57f109cc789d99591333a9eab93f716c,[IDC23 SI]: STR Test are failed due to missing logs during STR test,16,['HU22DM-178004'],"['4119fd06010c494caa07f439b333f4c5' 'd3835bf3dda84ead99deadbeac5d0d7d'
 '077d2820ae1845bcbb1803379a3d1eae' 'af1d0fec22114a3398b8016f5225f9ed'
 'b07a7f088364459098cd8511ff27a4c8']",['5d29053f2ce74442aa1855b327ef3bb7']
bc5e7d72174f350a33dcf12faefa7aa6,IDC : IOC_WATCHDOG_RESET,7,['HU22DM-178506'],"['4119fd06010c494caa07f439b333f4c5' 'd3835bf3dda84ead99deadbeac5d0d7d'
 '077d2820ae1845bcbb1803379a3d1eae' '3d6b216c14354332b1bf1927ba168986'
 'f1c6eed066f24cbdb376b910fce29ed4']",['539d55e7c42e44b59d98f59fae3e0ee1']
798857dabf3f6e02fd96d3754961b4f9,[BI-E2-ML] IDC23_U12_DFE black screen after startup the vehicle,19,['HU22DM-179767'],"['4119fd06010c494caa07f439b333f4c5' 'd3835bf3dda84ead99deadbeac5d0d7d'
 '077d2820ae1845bcbb1803379a3d1eae' '1745a2485a9443bab76587ad650e9be0'
 '32e6ccab20d94029811127dbbe424c64' '6d8473ef3b1042bf87178a611e3dbcc6']",['30b7034c4468473f98ee18d00ee73b33']
4b03f045ca7c1bdd67310c061680f0c5,[BI-E2-ML] [IDC23][STR] APIX MB0 Incorrect Configuration,20,['HU22DM-179769'],"['4119fd06010c494caa07f439b333f4c5' 'd3835bf3dda84ead99deadbeac5d0d7d'
 '077d2820ae1845bcbb1803379a3d1eae' '07b2425216bd4f0aa4e079827cb48ef5'
 '7f65feab75424b53b24470d305ba331a' '6d8473ef3b1042bf87178a611e3dbcc6']",['eb7c93eeb9dc41aab57d29e97ebb4951' 'e96d3475d43b42a781b297ae7e650afe']
d5559092bd99fd1f3869f1524b901358, IDC : IOC_WATCHDOG_RESET,6,['HU22DM-181126'],"['4119fd06010c494caa07f439b333f4c5' 'd3835bf3dda84ead99deadbeac5d0d7d'
 '077d2820ae1845bcbb1803379a3d1eae' '3d6b216c14354332b1bf1927ba168986'
 'f1c6eed066f24cbdb376b910fce29ed4']",['539d55e7c42e44b59d98f59fae3e0ee1']
acaf15728080d84305015a26ec9ce5a7,[IDC23_E][2311]: IOC_WATCHDOG_RESET in Wohnen for J001_TA10023,21,['HU22DM-182925'],"['4119fd06010c494caa07f439b333f4c5' 'd3835bf3dda84ead99deadbeac5d0d7d'
 '077d2820ae1845bcbb1803379a3d1eae' '3d6b216c14354332b1bf1927ba168986'
 '30c9641543c24773938bd8ec57ea98ab' '18b839da898e4026b81727d759d95c6a']",['3785eeadea9042bfb2e50f16c0397a12']
8758fe93d5c253a88c97ac51e89237d2,[PU23-07] Unexpected HARD_Error_Reset is triggered.,13,['HU22DM-183258'],"['4119fd06010c494caa07f439b333f4c5' 'd3835bf3dda84ead99deadbeac5d0d7d'
 '077d2820ae1845bcbb1803379a3d1eae' 'eeef6ae5c464400c8755900b4f1ac37a'
 '422433aa45804c7ebb973b2fafce5da6' '86505bca739d4bccaaa1a8e0f3baffdc']",['d053ea9432a24fb192e8d6aa993b0caa']
a4260298f4959dba8b6c03551ae0f618,"RSU-VIP-G070-23-07-533-Fatal Error- FuSi check: Negative result after recovery attempt, no vehicle clearance",29,['HU22DM-184534'],"['4119fd06010c494caa07f439b333f4c5' 'd3835bf3dda84ead99deadbeac5d0d7d'
 '077d2820ae1845bcbb1803379a3d1eae' '1af9faf341e14a5bbf4ddc9080e8dc0b'
 '353d91abc68648639d65a549e59b5cf3']",['a3e683d294ed42a28d60d09a36cbeb54']
9790ebc82f7160ddd73beb7d7f7fbe30,BI_2307toML [PU23-07] Unexpected HARD_Error_Reset is triggered.,19,['HU22DM-185105'],"['4119fd06010c494caa07f439b333f4c5' 'd3835bf3dda84ead99deadbeac5d0d7d'
 '077d2820ae1845bcbb1803379a3d1eae' 'ed6d2eee9d7b4f5db466b1f6404d31cc'
 '7ce637e4f35b42e3a9f8272cab69cd22' '4d999d7744b04a998475f8f8531589f0']",['7f85b181f1184f77aeb3ea2155cf4027']
19481b31bad12e8d64f13ffe10364cda,"[IDC23 SI]: SYSMAN - Lifecycle test scenarios - STR Test - WUP Management - Ending STR on Fahren through NM3, no WUP test failed",33,['HU22DM-186240'],"['4119fd06010c494caa07f439b333f4c5' 'd3835bf3dda84ead99deadbeac5d0d7d'
 '077d2820ae1845bcbb1803379a3d1eae' 'bef16fb5fd7344cca5e295b13ef3e0cd'
 'b07a7f088364459098cd8511ff27a4c8' '9a6f414210e14841a5b0e661aedc898d'
 'db541b7260974db8bac94e953009f60e' 'f2ff8044718648e18acef16dd9a65436'
 '00d785e7d76b47ec81b508e768d40584']","['d59b49eb94ce442d89907e90c5d3a44e' '7e40cd12839a4577a95e33d785147a31'
 '39887ca8567141d5b857b87a2bca4086']"
f8ac24c10a7bc8dc5cc62f5cc543a497,FIT-Fahrzeug / VIT-Vehicle D0103Z - IDC Blackscreen - KM-Stand in IDC genullt - Notrufsystem ausgefallen,34,['HU22DM-186596'],"['4119fd06010c494caa07f439b333f4c5' 'd3835bf3dda84ead99deadbeac5d0d7d'
 '077d2820ae1845bcbb1803379a3d1eae' '68105770b523412388424d984e711917'
 '85c79fd84f5e4f918471c386852204c5' 'f1c6eed066f24cbdb376b910fce29ed4'
 '87915637da3e474c9349bd0ae604bd95' '8f1eba29f39e411188200bf0d14628ec']","['24b4a5f4db67418cbfa08c5316f0ab51' 'e4b707e3e6964197855b82fc66ef59e7'
 'dcb3f4cc8abc46faabc193d9885e91d0']"
2839fbc9d019e6693439329e5fdfb5a2,[MGU22_E][ZST][Iuk_CAN][TC 2.3]# No transition to NoCommunication on too short wake-up line pulse length,33,['HU22DM-186965'],"['4119fd06010c494caa07f439b333f4c5' 'd3835bf3dda84ead99deadbeac5d0d7d'
 '077d2820ae1845bcbb1803379a3d1eae' '599164aead034bc19446efacc77554d2'
 'bbf148ae4d48422f8fdef754cfa2b9e4' '7282c73622b8408e97289d959faff483'
 '3deb220d31f74103aa44870a36a63220' 'af7a1584dd15492cb9a4940e285f57fc']",['8df8563ab0394ee9a91b89dea7d59404']
4f2192a3cefeb2e045757f4c98cb538e,BI_2311toML  [PU23-11] Unexpected HARD_Error_Reset is triggered.,20,['HU22DM-187828'],"['4119fd06010c494caa07f439b333f4c5' 'd3835bf3dda84ead99deadbeac5d0d7d'
 '077d2820ae1845bcbb1803379a3d1eae' '3d0dcbc8971b415ea18065edc4d8c8ef'
 '91ff849d12b24574b0691dbddf44968b' '6e8d9029ce4e4ea182367173ab2c7bbf']",['a0f326b9597b49dda6563e9208316117']
d58af2774383a48d5ddffee5074893a6,[Lifecycle][IDC23][STR] Unexpected Coldboot due to WAKEUP_REASON_IOC_WATCHDOG_RESET,22,['HU22DM-188045'],"['4119fd06010c494caa07f439b333f4c5' 'd3835bf3dda84ead99deadbeac5d0d7d'
 '077d2820ae1845bcbb1803379a3d1eae' '1943f245ee4243bdbfbd2fd619ae824a'
 '3d0dcbc8971b415ea18065edc4d8c8ef' 'e22d1d1cd8d14f12b81828d940f40d70'
 'cbf232211e7d4eb6abdbe182f71c2cf0']",['f197d75f159943f8a3ff441199790bc7' 'ae521508bdc244f99c4fce4ab5214c79']
018ee9a00bbc1f766288a1d00e47abd2,[PaDi SI] Found unexpected DTC: 0xA7981B System Health: Resetfehler IOController,25,['HU22DM-188805'],"['4119fd06010c494caa07f439b333f4c5' 'd3835bf3dda84ead99deadbeac5d0d7d'
 '077d2820ae1845bcbb1803379a3d1eae' 'bb0cff774a4440b289cc6f3b929fe13c'
 'ce55841ebfdd47008bab8c258f10372e' '6090e736374d45fd84f0e4610a314f8f']",['b823ba1bfe944fa9887edd8faf8a5f17' 'd0bfb473fdc64643954cdb4675e2f389']
6d366f29543ceb4666afebe8b2a7fb2f,BI_2311toML IDC23_U12_DFE black screen and HUD no display after short time lock the vehicle ,25,['HU22DM-189070'],"['4119fd06010c494caa07f439b333f4c5' 'd3835bf3dda84ead99deadbeac5d0d7d'
 '077d2820ae1845bcbb1803379a3d1eae' '1745a2485a9443bab76587ad650e9be0'
 '91ff849d12b24574b0691dbddf44968b' 'aff21f1da1654e7babdcf3fb0e4a75fc']","['00f78b85e5b84999a810e311e540037b' '3e460d9f011d4b0b9ccaae7b6a5202de'
 'bff3db70f9af4f2c87a93df48ecbb6bc']"
cab271ab0f3742e4c18dd6a66b5e86fd,[IDC23_ML BAT Failure]: mgu22-test-execution-environment.check that no brownout reset occurred on ioc - Watchdog_reset and unexpected BOD_VDDD_RESET seen in traces,40,['HU22DM-189812'],"['4119fd06010c494caa07f439b333f4c5' 'd3835bf3dda84ead99deadbeac5d0d7d'
 '077d2820ae1845bcbb1803379a3d1eae' '53af055f068244d0ac861b2e89376495'
 '38f51478f41f48db9bee570859b6f43e' '896d2a51e8de47de85ba8ced108c3d53'
 '14555b518e954637b83aa762dc03164e']","['17bad53a0ebe4569839e5e151ff78593' '8dae140578c841ae9373cbc607c4a6e6'
 'b215cc33cf40434f87f284ff8f3506a4']"
23f381240de778e2bc3a13d23bca3565,[IDC][ZST][Iuk_CAN][TC 4.2]# Transition to ECUPassive on non matching NM. Wrong partial network,31,['HU22DM-190449'],"['4119fd06010c494caa07f439b333f4c5' 'd3835bf3dda84ead99deadbeac5d0d7d'
 '077d2820ae1845bcbb1803379a3d1eae' 'f1c6eed066f24cbdb376b910fce29ed4'
 'b1f6164116d44fe8b8f135d7f65b9e58' 'c8b2408617804483b620e1a6691ac90d'
 'a5e0d1644eb547ba9a5c3211aac4631a' '5a28b94bc63b44edb30c54748fd14f15']",['1d7b0deca7674777bf76c163ac065845']
6e74dc5d592cc6479ac5f124d556a850,HUD not correct adjustet after profilechange,8,['HU22DM-190535'],"['4119fd06010c494caa07f439b333f4c5' 'd3835bf3dda84ead99deadbeac5d0d7d'
 '077d2820ae1845bcbb1803379a3d1eae' '83a6cb03df6b41d8ad6ee5f6fef5f024'
 'f97011b2a99d44648e18d517e1eae15c']",['4adee3aad6524a4aa4c4711c1ee05e64']
6fb7c08d846b530008af10dd8b7c8d42,"IDC eBVT failure-shutdownResetInfo: VALID_SWITCH_TO_POWER, bootType: WARM BOOT string missing",24,['HU22DM-190949'],"['4119fd06010c494caa07f439b333f4c5' 'd3835bf3dda84ead99deadbeac5d0d7d'
 '077d2820ae1845bcbb1803379a3d1eae' '5d3344f45e654d2c808481672f2f08dd'
 '6fb57f83baec45c9b30490ee991f433f' '68762e6f0d1c41cd857c6b964a8e76c3']",['03afe9988f864c9fa501bfbf043f74c0' '4084f614af494fa8ab73095fb5b6b07b']
605fe89d0c31975979dfde8bc5177ac6,[IDC23][Mainline]: IOC_WATCHDOG_RESET in Wohnen for G045_H021540,20,['HU22DM-191119'],"['4119fd06010c494caa07f439b333f4c5' 'd3835bf3dda84ead99deadbeac5d0d7d'
 '077d2820ae1845bcbb1803379a3d1eae' '3d6b216c14354332b1bf1927ba168986'
 '18b839da898e4026b81727d759d95c6a' '70634e10a5e845aa8c6a32fe7e8eb2b2'
 '04085f7cf46544b79597fc49286ff84d']",['48cd97f2297143e09d61ff2a8542c0c5' 'b4c7de7a824a4a71b9f52193d2f1a10d']
f06a861562496748755a429bc4a6f926,RuhestromerhÃ¶hung aufgrund Aufweckens von IDC/Quiescent power increase due to IDC wake-up,27,['HU22DM-191706'],"['4119fd06010c494caa07f439b333f4c5' 'd3835bf3dda84ead99deadbeac5d0d7d'
 '077d2820ae1845bcbb1803379a3d1eae' 'f1c6eed066f24cbdb376b910fce29ed4'
 '6731a665561840c2898ce8c9788e4c88' '4026806fa92f4e849a59a7f5c9a45c79']",['3295be59128d451bb720c6688adc1e0b' 'aca3eb8924ac494486fe0bfe892f7f2e']
4ba35bfc7d338199a00d6fa86d10d864,MGU_02_A_PU1123_ - 0xA76300/0xA76301 - System Health: error reset / mgu22:eth-ctrl.service,36,['HU22DM-194406'],"['4119fd06010c494caa07f439b333f4c5' 'd3835bf3dda84ead99deadbeac5d0d7d'
 '077d2820ae1845bcbb1803379a3d1eae' '68e0c60d2e8845d89d9d0ad397833648'
 '101572f552b54e529fe7765c05168981' '60c58026b2764b40adffca6eaa31d6d9']",['b609f1939dae4c7383c7d199bb3c7dc3' 'aeee2f443dfb4e3ea80af6ae1d9197ce']
eed974d4fafa09248a93bc9a1552655a,[IDC23_ML][2407]: LCM_SHUTDOWN_UNINTENDED_START_WO_REASON Found in Logs,23,['HU22DM-194541'],"['4119fd06010c494caa07f439b333f4c5' 'd3835bf3dda84ead99deadbeac5d0d7d'
 '077d2820ae1845bcbb1803379a3d1eae' '3d0dcbc8971b415ea18065edc4d8c8ef'
 'ad1595a78935472999444c9330e7730e' 'c725babdb14a485582f8fbdf95429030'
 'a0047221896d418d849847d422fa4bb8']",['58a8fa7f29e347bdb9689b70b065a779']
1c2d8c652837fae12d7e1016a093614f,CLONE - [MGU22] Wakeup_reason_watchdog_reset occurred in _9R21379 - Focus: Wakeup Reason 30B even though already running,34,['HU22DM-194621'],"['4119fd06010c494caa07f439b333f4c5' 'd3835bf3dda84ead99deadbeac5d0d7d'
 '077d2820ae1845bcbb1803379a3d1eae' 'd54956b79dd147f894b67a8b97dcbef0'
 '80020a1da63042459e00266b2a605452' '31a7e680c4d54101afe4c8d52d246913']",['432a6b4962544200949421a96a405142']
686022cda25cae37331de3a24eaa29d3,[IDC23_F] Nightly Build BAT Failure : system-functions.system_functions_post_tests.Log level of LSMF DLT messages,25,['HU22DM-194921'],"['4119fd06010c494caa07f439b333f4c5' 'd3835bf3dda84ead99deadbeac5d0d7d'
 '077d2820ae1845bcbb1803379a3d1eae' '351abba16e5c448994c6daf48121b14d'
 '50ea7d3b69614bcdbfbff7ddbfbf3d34' '004f40a5aeca48a1879db728eb12bcba'
 '4465efb7f6ed4dedad72a658184addd2' 'b0dd60e11dad4ff782623acf039b3948'
 'db8c43fa4df947b09e5754d3b1393ead']","['91ae5251eaab4c08afe6cd4cbefcaa6b' 'bbdd53a15e99452a9deff05d1de2d965'
 'd2ed972353af4d1db74702638bfdbb58' '575befc8d64c47eb95af8b1096e02963']"
d0a7ea4cae6a04e4034abf6e52d259c1,[2403] [RR25] CID black screen after starting a new LC (reset),19,['HU22DM-195095'],"['4119fd06010c494caa07f439b333f4c5' 'd3835bf3dda84ead99deadbeac5d0d7d'
 '077d2820ae1845bcbb1803379a3d1eae' 'b999ed77e19e4f85b7f1ae79af5c002a'
 '5dabc4cd05da425cb194a04482bf0c29' '9d08f285a7be4c79b8f359c51d51db37']",['4643a7a319674adfb732b6f6122c7c64']
55946cdb9635ae3014dc49b213ebd624,[2403] [MGU22] IOC_WATCHDOG_RESET:3909173:2023-04-23 18:48:59,30,['HU22DM-195100'],"['4119fd06010c494caa07f439b333f4c5' 'd3835bf3dda84ead99deadbeac5d0d7d'
 '077d2820ae1845bcbb1803379a3d1eae' '3d6b216c14354332b1bf1927ba168986'
 '3d0dcbc8971b415ea18065edc4d8c8ef' 'cec95bf17e7e4c939b56c9c6f402a29f'
 'adffed660d154b519c1817e514e83096']",['ff95eb0d5f7f49b782027d5c7ae3c3fe' '086da554db5b4ad5806aedeb0024197c']
b1418ffef573dabf60fa012d304ac1a3,[MGU]24-03 Fixes for race condition between BOD_VDD Recovery and Shutdown Undervoltage,22,['HU22DM-195558'],"['4119fd06010c494caa07f439b333f4c5' 'd3835bf3dda84ead99deadbeac5d0d7d'
 '077d2820ae1845bcbb1803379a3d1eae' 'de6fa24480894518ab3cbcb66f739266'
 'b7e9c9ef572c445a9574ca571e41fb96' 'dcb9f281cd6248c699e0ebb285a42a5e'
 '072cdee531b74513984f49d99a8d64a0']","['dc08f6d7398b4b798a3bdccf508a2ad4' '1c7fd5af8d8041e186eae2431fc627cd'
 'b16eda56dcec40f2b3e109fb9246bee3']"
ab0db4a2bcca339c26d0d4c5ef065293,[IOC2403] CID black screen after starting a new LC (reset),16,['HU22DM-195621'],"['4119fd06010c494caa07f439b333f4c5' 'd3835bf3dda84ead99deadbeac5d0d7d'
 '077d2820ae1845bcbb1803379a3d1eae' '3ce7c210a21b4deebad7cc9308148d86'
 'b999ed77e19e4f85b7f1ae79af5c002a' '5ae335d9210a45fda3f92a9a028d6d9b'
 '5ac60a941a5b4934bdc43d2f87de601c']","['5d398b88ee4242a59c32feb188683ec3' '46e8056fb2ec4811ab33cb34a0dc9fb3'
 'fd9b298e6aea4685bbb2064b05fcda79']"
4cb16c8995629cafeed255165bc44360,[2403] Unexpected wakeup reason -graceful power off  observed when the system resumes from STR ,22,['HU22DM-195629'],"['4119fd06010c494caa07f439b333f4c5' 'd3835bf3dda84ead99deadbeac5d0d7d'
 '077d2820ae1845bcbb1803379a3d1eae' '148fffeb994541b2b4b6dcefda7001a8'
 'd405c3154d0e48ce96fad4c28fe20590']",['0614f00e932c4cd0b53928053811ebc1']
41a88e683c2c4336782cbca122a2f940, [IDC23_F][2403]: LCM_SHUTDOWN_UNINTENDED_START_WO_REASON Found in Logs,23,['HU22DM-196160'],"['4119fd06010c494caa07f439b333f4c5' 'd3835bf3dda84ead99deadbeac5d0d7d'
 '077d2820ae1845bcbb1803379a3d1eae' '3d0dcbc8971b415ea18065edc4d8c8ef'
 'ad1595a78935472999444c9330e7730e' 'db8c43fa4df947b09e5754d3b1393ead'
 'adffed660d154b519c1817e514e83096']",['fae3fe31deb141ab93143ac411f1eaaa' 'd6e6366617e04b0ba6732fd1d2d76429']
03a78e6d89d1dfd1f291689da2203e0d,[2403] [MGU22] Voltage test - Plant issue,14,['HU22DM-196172'],"['4119fd06010c494caa07f439b333f4c5' 'd3835bf3dda84ead99deadbeac5d0d7d'
 '077d2820ae1845bcbb1803379a3d1eae' 'cec95bf17e7e4c939b56c9c6f402a29f'
 '7923d8521c744bd9aab131c1aea91ffd' '5bd156c87ec44e19ae6f8f62e6e50b9d']",['71743537a07c440ea1710a269da8b538' 'eeecb159cc8a4c8989f8da0f3df09f2a']
4f7f7ed2398e013f9d0bf49837d024d4,IDC23_U12_2407_CID black screen first then AZV black reset,17,['HU22DM-196486'],"['4119fd06010c494caa07f439b333f4c5' 'd3835bf3dda84ead99deadbeac5d0d7d'
 '077d2820ae1845bcbb1803379a3d1eae' 'c1a146d7fb16429ea6d0aa2a55ee597f'
 'ede9350632084da5b0b577ff799ab14b']",['70f22b1d7336492dbade94b8edefe457']
3367d1af79b215e1e3bbeda05ec12266, [IDC23]24-03  Nightly Build BAT: Node0 flashing failure,18,['HU22DM-196725'],"['4119fd06010c494caa07f439b333f4c5' 'd3835bf3dda84ead99deadbeac5d0d7d'
 '077d2820ae1845bcbb1803379a3d1eae' '1943f245ee4243bdbfbd2fd619ae824a'
 '98fc2ee593184c5a839454db4eec7013' 'ed559fb4ebde45518849ec803b350fa3']",['4d8890c699684c9381105b03b0b41b03' '5bfefaa0fce04002851733337bed714c']
b0df6b99da3afe11ce76836b5e9fb453,HU-MGU_02_L#Flash#Cascade#ECU sends â€œgeneralRejectâ€ on RC_ERASE_SW_PACKAGE_WTOAC#SWFL,35,['HU22DM-196752'],"['4119fd06010c494caa07f439b333f4c5' 'd3835bf3dda84ead99deadbeac5d0d7d'
 '077d2820ae1845bcbb1803379a3d1eae' 'f422035f8b78417f98e4d116971cf9f3'
 'c79d686eba044c5586c706cdc096817d']",['932e213c57134098a07073febd51dcc2']
d4d16109ee09bb9a72b3728a9f1c6ac3,[IDC23_E][2311]: LCM_SHUTDOWN_UNINTENDED_START_WO_REASON Found in Logs,22,['HU22DM-198918'],"['4119fd06010c494caa07f439b333f4c5' 'd3835bf3dda84ead99deadbeac5d0d7d'
 '077d2820ae1845bcbb1803379a3d1eae' '8d141c0b80f74b79a05eed7fe161fe49'
 'ad1595a78935472999444c9330e7730e' '735d19aea0744b2295556841c5c4c3fd'
 'b35c3d1a7daa4924b6bdb58bc69c354d' 'a97e2ecd870944cfbe71c79bc0fcc752']","['47df2815030c4f1c99facd5cf2482526' 'a2cb46c226b94831853a5d28c5d94b0a'
 'd3511ecd27cd4166bdb39e757e275300' 'de3b561f5cce4c83bccb39180e362c97']"
21406b0be218246fde2ec92aed83430e,HU-MGU-02_L#Flash#ESYS#ECU does an unexpected reset/Timeout on RC_READ_HTTP_UPDATE_STATUS_SP21#SWFL,31,['HU22DM-199194'],"['4119fd06010c494caa07f439b333f4c5' 'd3835bf3dda84ead99deadbeac5d0d7d'
 '077d2820ae1845bcbb1803379a3d1eae' '3d0dcbc8971b415ea18065edc4d8c8ef'
 '3e1b063bbfa9423d84e50311296d2f3c' '9a8ce816ee954bdabd01ea2081538009']",['9593428ad36746ae8af6d8ce639834ef']
02b8248f10030d085d6e0e72fc9f5ffc,"IDC23_U12_2307_Production Car_DTC 0xA76300/0xA76301 for crash ""mgu22:eth-ctrl.service""",35,['HU22DM-199394'],"['4119fd06010c494caa07f439b333f4c5' 'd3835bf3dda84ead99deadbeac5d0d7d'
 '077d2820ae1845bcbb1803379a3d1eae' '3d0dcbc8971b415ea18065edc4d8c8ef'
 '60c58026b2764b40adffca6eaa31d6d9' '09f18f81442d4d6d93a90f0fac683f9b'
 'e02be3e37ca0454883a4c1fd859c24bb']",['8c46d37bc26e4d4dbd37d6ee26867bc6' '1bcaeb58479d42a6963a073c09f3f397']
c51fbbba65ab5cfc2a7399114b4afc72,[MGU22_F][ZST][Iuk_CAN][TC 2.3]# No transition to NoCommunication on too short wake-up line pulse length,33,['HU22DM-200071'],"['4119fd06010c494caa07f439b333f4c5' 'd3835bf3dda84ead99deadbeac5d0d7d'
 '077d2820ae1845bcbb1803379a3d1eae' '599164aead034bc19446efacc77554d2'
 'bbf148ae4d48422f8fdef754cfa2b9e4' '3deb220d31f74103aa44870a36a63220'
 'af7a1584dd15492cb9a4940e285f57fc' '6e0c81bef5364c988b21bf9b709d9861']",['b349041c0be64c62b964ab1234e055e6']
98521d8af0974f7a7aa310e1144fd17c,"FIT-Fahrzeug / VIT-Vehicle D0130Z - Botschaft (Status Anzeige Kombi, ID: ST_DISP_KI) fehlt",36,['HU22DM-200337'],"['4119fd06010c494caa07f439b333f4c5' 'd3835bf3dda84ead99deadbeac5d0d7d'
 '077d2820ae1845bcbb1803379a3d1eae' '3d0dcbc8971b415ea18065edc4d8c8ef'
 '68105770b523412388424d984e711917' '85c79fd84f5e4f918471c386852204c5'
 'c160b9cb27d6408ba6ab20214a2f3f81' '56d0e5ebe79e4814bd1463cf6ca21394'
 '1dbc51475cb04dafa4a8833a8378635e']",['109b8be5a8ee4180a1465cd23f019d7b' '49f771e31a0c4b35bc39e389f3623509']
1850b7ad817b6b8ce6eb45d7acd606ff,[MGU-E] CID Blackscreen for complete LC - CID bleibt nach Fahrzeugstart schwarz fÃ¼r einen kompletten Lifecycle. Keine Audioausgabe. ,37,['HU22DM-201604'],"['4119fd06010c494caa07f439b333f4c5' 'd3835bf3dda84ead99deadbeac5d0d7d'
 '077d2820ae1845bcbb1803379a3d1eae' 'b999ed77e19e4f85b7f1ae79af5c002a'
 'cbf232211e7d4eb6abdbe182f71c2cf0' 'c12b9ebd8b4e42b7896822a32e3fa6eb'
 '27505f6ade4b4e5f9316ffe9c34821f7']",['8b57a9f43a1942a49b58cf881835f974' 'f78b01b0d93948c283644ec58f7be74a']
8561914d860570076ff3ce9f41682bc4,BI_2311to2403 MGU_02_A - 0xB7FB36 - DFE: Hardware Fehler: Ausfall DFE-Kommunikation,34,['HU22DM-201611'],"['4119fd06010c494caa07f439b333f4c5' 'd3835bf3dda84ead99deadbeac5d0d7d'
 '077d2820ae1845bcbb1803379a3d1eae' '17ed1d92075643579a712cc6c29e8ddb'
 '1f1545308e9347af91fd03b94aadc21f' '0ee7db2c6bea4630ba9f0c25e8a967ad']",['db1295504da645b69d9786d54f233fed' '969e1ea0b1e443a68e9a65dfef91d161']
c8c82262047b0f6faa51e75c12b10967,AZV stays black the whole LC,7,['HU22DM-203876'],"['4119fd06010c494caa07f439b333f4c5' 'd3835bf3dda84ead99deadbeac5d0d7d'
 '077d2820ae1845bcbb1803379a3d1eae' '3ce7c210a21b4deebad7cc9308148d86'
 'ede9350632084da5b0b577ff799ab14b']",['0a784e00c9464bd3aeb830b908f73170']
b7e2aefb1da5117e881d6cd92f6deeb3,[Lifecycle][IDC23] [2311] Multiple wakeups observed after Disabling KL30F,21,['HU22DM-205569'],"['4119fd06010c494caa07f439b333f4c5' 'd3835bf3dda84ead99deadbeac5d0d7d'
 '077d2820ae1845bcbb1803379a3d1eae' '07b2425216bd4f0aa4e079827cb48ef5'
 'd005bf75c31d4848ad7041f39651e59c' '9b3eef8f3a3a45e6873838db95295b8a'
 'fdc954b454744820804d7798f3e0b5de' '49c1383836934ec495c3b35769100a73']",['907ec65076e5494a8631efffb81b3178']
e82e0a356955e412d05d2f6e3f008e05,[Lifecycle][IDC23] [2403] Multiple wakeups observed after Disabling KL30F,21,['HU22DM-205584'],"['4119fd06010c494caa07f439b333f4c5' 'd3835bf3dda84ead99deadbeac5d0d7d'
 '077d2820ae1845bcbb1803379a3d1eae' '07b2425216bd4f0aa4e079827cb48ef5'
 'adffed660d154b519c1817e514e83096' 'd005bf75c31d4848ad7041f39651e59c'
 'fdc954b454744820804d7798f3e0b5de' '49c1383836934ec495c3b35769100a73']",['170507a64973429f818067b80506d428' '1505dfebbfb04652b0ba57de1a251d67']
7abba7c2008a10626855aa8423929d38,[IDC23][SV][PQFS] Service RC_ETH_PHY_SWITCH_ENGINE_RESET returned a negative response with response code,24,['HU22DM-207335'],"['4119fd06010c494caa07f439b333f4c5' 'd3835bf3dda84ead99deadbeac5d0d7d'
 '077d2820ae1845bcbb1803379a3d1eae' '1943f245ee4243bdbfbd2fd619ae824a'
 '3b040bcc19f14e04880ae52881a89c1c' '3d0dcbc8971b415ea18065edc4d8c8ef'
 '859dedcc3736439a8a563419f16cb3d8' '6078b9980a6c4dcd9198d151b833ead7'
 'f93cd6b8213e46dda67af7e5382e1bd2']","['b1658adfa43847eabad1437db235e858' 'ffa128c9c0c84d39bad1bba8cfa4adc5'
 '2dc7f6b230db452190a09643ca3d5ec0' 'c20ecfc93b3a4875ade5c92cfe4b94a1']"
a43621491fb41ae7ca6b2189dafffbca,[IDC ML] [HU22DM-208352]: Selective Wakeup always enabled.,19,['HU22DM-208352'],"['4119fd06010c494caa07f439b333f4c5' 'd3835bf3dda84ead99deadbeac5d0d7d'
 '077d2820ae1845bcbb1803379a3d1eae' '496f17c2f74244c681db1b23c7a39c0c'
 'da1684437ab04f23adac28ff70bd8429']",['4bc7dc91ede345dfb63d7d4f7ac3554f']
e8f78bf0df9f13468e0754764912d5e8,[IDC23_F BAT Failure]: Multiple times Service failure: eth-ctrl.service is observed with message 'timeout' after target startup ,27,['HU22DM-208597'],"['4119fd06010c494caa07f439b333f4c5' 'd3835bf3dda84ead99deadbeac5d0d7d'
 '077d2820ae1845bcbb1803379a3d1eae' '351abba16e5c448994c6daf48121b14d'
 '4517768fc4e24bd2a790be0e08a7856e' '545edff337344e518f68d1301d745455']",['532bf54d5a924ff48aee254970efb914' '0b2b815c9f834aaaac0c341097def9ba']
f26d03542e20bfca36a56f5e3d9d4849,"Fehler in Fahrtdaten ""Ab Fahrtbeginn""/Error in trip data â€œFrom the start of the tripâ€",30,['HU22DM-210266'],"['4119fd06010c494caa07f439b333f4c5' 'd3835bf3dda84ead99deadbeac5d0d7d'
 '077d2820ae1845bcbb1803379a3d1eae' '9376ce8940e647a99e5e087514b88fa4'
 'b38a636e86984600bb4b57c2e2df9747' '4bc7440b8f4b4e4cae65a5c49defa923']",['424ae71c56024094a02e6fd9bfcfbb04']
2dce2f2cbf044821729ff6883c3351ab,[LifeCycle-RTC] [IDC2403] [Voltage Curves] HU doesn't wakeup after Slow decrease and increase of the supply voltage- UBmin 6V,37,['HU22DM-210810'],"['4119fd06010c494caa07f439b333f4c5' 'd3835bf3dda84ead99deadbeac5d0d7d'
 '077d2820ae1845bcbb1803379a3d1eae' 'e69dc259edb944ea9ea41264b9fcfe59'
 '5d1b038ce8be4533b54dd79d6496de9b']",['71f95003936e46a98d90757ffd845d40']
c972662ec0a96c9ac366df01191fcba3,[MGU22][KNG][WAVE-11] CCM Emergency call system failed with MGU22 LAST_IOC_RESET_REASON_WAKEUP,29,['HU22DM-212557'],"['4119fd06010c494caa07f439b333f4c5' 'd3835bf3dda84ead99deadbeac5d0d7d'
 '077d2820ae1845bcbb1803379a3d1eae' 'e7ffaee9d31d4d3c96e04f911d0a8f9e'
 '3d0dcbc8971b415ea18065edc4d8c8ef' 'ac6e5a44e0c04a4fa93589376fde4c34'
 '40e4ef7dbc98473ba311bd837859a62a']",['824d93d9840a4b7c8b1f31bc6816b497' 'f209a808f1f04a5699601e672f4abd06']
f34047ed9be957245be11e9ab8df28bb,[Lifecycle-RTC][MGU22]MGU22 does not wakeup with WAKEUP_REASON_CUSTOMER_RESET,22,['HU22DM-213149'],"['4119fd06010c494caa07f439b333f4c5' 'd3835bf3dda84ead99deadbeac5d0d7d'
 '077d2820ae1845bcbb1803379a3d1eae' 'e7ffaee9d31d4d3c96e04f911d0a8f9e'
 'd64ed762ea924caa95c8d06f072a9a96' '222f0ea8a5684123a7045986640ec844']",['ccb335166f6c4564ac1c61549d8ded50']
be42eeb163c37d00a0bbd2b8a838a5f8,[LifeCycle-RTC] [IDC2403]HU does not wakeup with WAKEUP_REASON_CUSTOMER_RESET,23,['HU22DM-213153'],"['4119fd06010c494caa07f439b333f4c5' 'd3835bf3dda84ead99deadbeac5d0d7d'
 '077d2820ae1845bcbb1803379a3d1eae' 'e69dc259edb944ea9ea41264b9fcfe59'
 'd64ed762ea924caa95c8d06f072a9a96' '222f0ea8a5684123a7045986640ec844'
 '668cf1fdfd644d39acc6350b86117ea2' '478e4c72d8fb46dd8cc9f0691c9878fd']",['bada987ea7da4c939393ee1c3d08ccd4' 'd0a274e7934d446fb91847bb53a961a6']
54a15d140b297609b48abc816e38da3d,"MGU_02_A - Head-Unit shows ""Flash Mode"" after successful RSU activation",19,['HU22DM-214074'],"['4119fd06010c494caa07f439b333f4c5' 'd3835bf3dda84ead99deadbeac5d0d7d'
 '077d2820ae1845bcbb1803379a3d1eae' '1f1545308e9347af91fd03b94aadc21f'
 '82b0446e7c9d4fc793f7b97f890e9049']",['8e09e7cfea7d405db8b22ae2f836ccb1']
86d586719b44ba38350349cdcb1c9cb0,[PaDi] Watchdog Reset did not happen in flash mode after killing recovery manager,17,['HU22DM-214193'],"['4119fd06010c494caa07f439b333f4c5' 'd3835bf3dda84ead99deadbeac5d0d7d'
 '077d2820ae1845bcbb1803379a3d1eae' '1fd3fa8bb5a2408790042ab9573779ee'
 '8169efeea3ce473d9fd2f1c688126a1c' 'c2d48b75af6a4d7989ccf9eceabd934e']",['b7fdfffc38b94bf7872eabe9b022c8fd']
3389efd680d43d6b195bdec5625f5852,[MGU22_E] Nightly Build BAT Failure : Found unexpected DTC: 0XB7F908 along with check that ioc does not restart with an ACT_FAULT ,37,['HU22DM-214905'],"['4119fd06010c494caa07f439b333f4c5' 'd3835bf3dda84ead99deadbeac5d0d7d'
 '077d2820ae1845bcbb1803379a3d1eae' '1c109cfdc370463eb6d537e5b7b382fb'
 '5f1fc373a8f34050a5f7dbd8ac852c1b' '0c010fa3aeac4b28b2fbb8c2339c2521']",['f127fc4d87f94794be89134406ba0694' 'a87aa935dccf49cd98b40fb5afe7ad5c']
fce2cc9025ae0fb6f2180ece37d3ab9a,[MGU22_F] Nightly Build BAT Failure : mgu22-test-execution-environment.post_serial_marker_tests.check that ioc does not restart with an ACT_FAULT (,36,['HU22DM-216971'],"['4119fd06010c494caa07f439b333f4c5' 'd3835bf3dda84ead99deadbeac5d0d7d'
 '077d2820ae1845bcbb1803379a3d1eae' '1c109cfdc370463eb6d537e5b7b382fb'
 '3d0dcbc8971b415ea18065edc4d8c8ef' '53af055f068244d0ac861b2e89376495'
 'c2999bdca08a478b84b10219875b285e' '263d07354a1b4336b462024288f9bcd3']","['c27966a4e3be434686454204ac7b3ab4' '53d98f08e7c74158b7318357b6c660b3'
 'cd601f77419c403889aadeee591915b5']"
aeabc848d13f599e65a605c7e209813c,[IDC23_F] Nightly Build BAT Failure : mgu22-test-execution-environment.post_serial_marker_tests.check that no brownout reset occurred on ioc,33,['HU22DM-217229'],"['4119fd06010c494caa07f439b333f4c5' 'd3835bf3dda84ead99deadbeac5d0d7d'
 '077d2820ae1845bcbb1803379a3d1eae' '53af055f068244d0ac861b2e89376495'
 '351abba16e5c448994c6daf48121b14d' 'f9005e5c01b44bb489f7112322fd1162']",['0f564ebd53e940fba9d16674ac7bc038' '2489232bd2bb492babe00617e7290282']
40e1a39840a87dc78c85d45877938e4f,"MGU startet nicht auf, CID zeigt BMW an/MGU does not start, CID shows BMW",20,['HU22DM-217976'],"['4119fd06010c494caa07f439b333f4c5' 'd3835bf3dda84ead99deadbeac5d0d7d'
 '077d2820ae1845bcbb1803379a3d1eae' 'de6fa24480894518ab3cbcb66f739266'
 'b999ed77e19e4f85b7f1ae79af5c002a' 'd9ef017549724f4fbc4ff4ba6701dac0']",['43c68f9a86654a32a2215e23957ed184' '8dbe8f9867e4448f998416c18923eac4']
41d33265517367967d10564cbf8fe7d4,"[LifeCycle-RTC] [IDC2403] SHUTDOWN_TARGET_FULL_OFF observed after Factory Reset Job ""nsm_control --r 11""",31,['HU22DM-218105'],"['4119fd06010c494caa07f439b333f4c5' 'd3835bf3dda84ead99deadbeac5d0d7d'
 '077d2820ae1845bcbb1803379a3d1eae' 'd64ed762ea924caa95c8d06f072a9a96'
 '668cf1fdfd644d39acc6350b86117ea2' '33b9e826af3f43838c07c847b6349497'
 'dbe9063124d047dc8d6fcaeadcda038f']",['99761e9b89cc4060be3ed6b34532e7ff' '4fe3ff52700c491f8cc650aadb4d7cb0']
832e56ae03c59859d3810a92e480461b,[LifeCycle-RTC] [IDC23-PU] [Voltage Curves] WATCHDOG RESET observed while running  E-09 Reset behavior-Sequence 1- UBmin6V,39,['HU22DM-223080'],"['4119fd06010c494caa07f439b333f4c5' 'd3835bf3dda84ead99deadbeac5d0d7d'
 '077d2820ae1845bcbb1803379a3d1eae' '8169efeea3ce473d9fd2f1c688126a1c'
 'c885166d0c454a748376b56279f96408' '586bccefb1e344289c1ee984e165de9c'
 'a2201b8753ba4847ab0b22054e27d2c0' 'b5ecd0553dd742f5813c9b855d548a41']",['6242e0c237a348908d0256ea790a0211' 'f1f6f6435a444e388d67e16e847afca6']
3d208a63fc0c49a5232b248900979fe4,[LifeCycle-RTC] [IDC23-ML] [Voltage Curves] WATCHDOG RESET observed while running E-09 Reset behavior-Sequence 1- UBmin6V,38,['HU22DM-223085'],"['4119fd06010c494caa07f439b333f4c5' 'd3835bf3dda84ead99deadbeac5d0d7d'
 '077d2820ae1845bcbb1803379a3d1eae' '8169efeea3ce473d9fd2f1c688126a1c'
 'c885166d0c454a748376b56279f96408' 'a2201b8753ba4847ab0b22054e27d2c0'
 '89b2003e97804961805ea1886d078ebd' '6dd7f5f6b4544271a97f6a136f82fc3d'
 'eb01db8435554f2cbafe39a50f62f20a']","['7cc9f26737e1442595e53253e98015ef' '1868fec1493643208dbdcad7bc97dfa0'
 '0af2ca1c090843ea92679fd14c1fbc9a' '1b06d3e53ffd4771952fbef04d1e666c']"
1d9d7ab8e8e26dabca265f83b6c769f4,"MGU_02_L After a new Lifecycle during RSU Chunk transfer HMI displays ""BMW"" Logo",21,['HU22DM-223401'],"['4119fd06010c494caa07f439b333f4c5' 'd3835bf3dda84ead99deadbeac5d0d7d'
 '077d2820ae1845bcbb1803379a3d1eae' '071a416efbec4f0886c19ac68f6d43cb'
 '82b0446e7c9d4fc793f7b97f890e9049' 'd9ef017549724f4fbc4ff4ba6701dac0'
 '3d175ad1f0014cd4871eff4e86db9f88' 'c8e706fbdc90420d952deed03c4f04b4']","['be4820f29fd942b282049fa49697b4ed' '36870a3393f6413e9bf647168eb6977a'
 'f6de923de6474d2cab6a9c2f0d81fa59']"
98234d1b2e4159348f1051c6474a2b92,IDC eBVT failure: Wakeup reason in RTC:SWITCH TO POWER instead of CAN_BUS_ACTIVE,22,['HU22DM-223536'],"['4119fd06010c494caa07f439b333f4c5' 'd3835bf3dda84ead99deadbeac5d0d7d'
 '077d2820ae1845bcbb1803379a3d1eae' '5d3344f45e654d2c808481672f2f08dd'
 'cf6115e69d6649cc99ef2bd11854ccfb' '9ed7e3d187b94ab0a90830b17d66615e'
 'b4c7432f712849d7aba9dccbb77471ef']","['3ce25564af6e47f390a0b16b6f9433a1' '78213664d0eb45d1a9239ba4b85b10f7'
 '1226e4a4077b4b3a970db4d2509b590c']"
a89ca09cc448d536f2e5b7650caa569c,[24-03] RSU FATAL_ERROR in customer vehicle -  ECU  MGU_02_L - Verification after update not successfull,30,['HU22DM-223954'],"['4119fd06010c494caa07f439b333f4c5' 'd3835bf3dda84ead99deadbeac5d0d7d'
 '077d2820ae1845bcbb1803379a3d1eae' '478e4c72d8fb46dd8cc9f0691c9878fd'
 '82b0446e7c9d4fc793f7b97f890e9049' '434e752b992c4e6a812557529315c5b9'
 'df79a27b9a4f42fd839c90bb8a79ad91']","['91deb9f152264e958d106d481ff2e1ee' '586cf02da9494088aed9b3419725638f'
 '229d85a2783e4a2991f17d2ab5750af7' 'b7f97d1909a3433abef8ca8e9334fafa']"
e17bf1f3eed3d870d76a36ec5d026cd3,BI_2403toML  [IDC23]24-03  Nightly Build BAT: Node0 flashing failure,25,['HU22DM-226625'],"['4119fd06010c494caa07f439b333f4c5' 'd3835bf3dda84ead99deadbeac5d0d7d'
 '077d2820ae1845bcbb1803379a3d1eae' '1943f245ee4243bdbfbd2fd619ae824a'
 '98fc2ee593184c5a839454db4eec7013' 'ed559fb4ebde45518849ec803b350fa3'
 '8f140fd7126f47b6b00307b0181509f9' '40450f2c91944a81944621b94f190b49']","['4d8890c699684c9381105b03b0b41b03' 'b5fed5609f154df58c6a9f74e55fc0ba'
 '66e098dc431146e19fc4bc2ea37efbd9']"
340768e47ec52080f14b9a1b8d72c0ed,FIT-Fahrzeug / VIT-Vehicle D0105E - Undervoltage identified,18,['HU22DM-227426'],"['4119fd06010c494caa07f439b333f4c5' 'd3835bf3dda84ead99deadbeac5d0d7d'
 '077d2820ae1845bcbb1803379a3d1eae' '68105770b523412388424d984e711917'
 '85c79fd84f5e4f918471c386852204c5' '5b9fa6a959294dc29c8420b2d7d3096f'
 'b84d71ed9c3b45819eb3205fd28e13a0']",['6915637e8d124fdc8473111d501e3703']
2a3102391bafcd28c7dd42549ccf48cf,[LifeCycle] [MGU22] [Plant Mode] [Voltage Curves] CID blank after Slow decrease and increase of the supply voltage- UBmin 6V,35,['HU22DM-229974'],"['4119fd06010c494caa07f439b333f4c5' 'd3835bf3dda84ead99deadbeac5d0d7d'
 '077d2820ae1845bcbb1803379a3d1eae' 'b999ed77e19e4f85b7f1ae79af5c002a'
 'cec95bf17e7e4c939b56c9c6f402a29f' 'd005bf75c31d4848ad7041f39651e59c'
 'a2201b8753ba4847ab0b22054e27d2c0' '5d97ff82691c4482973d73d1860e4757'
 '2567445079794d1e84f17abc48776002']",['fe8ea8bf1395434393e04e8f7a33025f']
9e33bda60d240a6b736314369d0ce78c,[Lifecycle][MGU22_F][Automation] Quiescence current ~14.7mAh during STR,21,['HU22DM-231030'],"['4119fd06010c494caa07f439b333f4c5' 'd3835bf3dda84ead99deadbeac5d0d7d'
 '077d2820ae1845bcbb1803379a3d1eae' '148fffeb994541b2b4b6dcefda7001a8'
 'cbf232211e7d4eb6abdbe182f71c2cf0' 'c2999bdca08a478b84b10219875b285e']",['12398f70065143839d812fd42ac4b2e7']
709a4bdcd3b3b2d8e694f76f116741bb,[IDC23][Mainline]: IOC_WATCHDOG_RESET Observed as SHUTDOWN_INTERNAL_ERROR_RESET,19,['HU22DM-231158'],"['4119fd06010c494caa07f439b333f4c5' 'd3835bf3dda84ead99deadbeac5d0d7d'
 '077d2820ae1845bcbb1803379a3d1eae' '3d6b216c14354332b1bf1927ba168986'
 '3d0dcbc8971b415ea18065edc4d8c8ef' '07b2425216bd4f0aa4e079827cb48ef5'
 '392be891f8b649fabdc20e7bf549f669']",['216ee8a907a0466a88b27f8ada19ffa0' '6fefb317687d4ac98efe39a52f3e190f']
b31989d3d895ae57672b9996ec1ee43f,0xA7631B - System Health: Resetfehler IOController / Unexpected IOC reset: RESET_REASON_BOD_VDDD,26,['HU22DM-232234'],"['b45241d70f0e43fca764df95b2b81f77' '4119fd06010c494caa07f439b333f4c5'
 'd3835bf3dda84ead99deadbeac5d0d7d' '077d2820ae1845bcbb1803379a3d1eae'
 '0111777c4e9e4260ab2e5ddea7cbcf58' '785f7f32471c439e89601ab81c828d1d']",['e095cc36da784300b27c6f8c60a96440' 'c68893ca39d74ba08c6eb138f24441e1']
7d1a061b758da894b990616789cdeaeb,MGU_02_L does not start RSU over HMI,13,['HU22DM-232392'],"['4119fd06010c494caa07f439b333f4c5' 'd3835bf3dda84ead99deadbeac5d0d7d'
 '077d2820ae1845bcbb1803379a3d1eae' '071a416efbec4f0886c19ac68f6d43cb'
 '82b0446e7c9d4fc793f7b97f890e9049' 'c8e706fbdc90420d952deed03c4f04b4']",['be4820f29fd942b282049fa49697b4ed' '6deaefe707f84b3dbda979dea0d095ac']
9099f98cb6057a5bd9bfd18262448c29,[IDC_SI] [IDC] Yellow Screen without ID,12,['HU22DM-232549'],"['4119fd06010c494caa07f439b333f4c5' 'd3835bf3dda84ead99deadbeac5d0d7d'
 '077d2820ae1845bcbb1803379a3d1eae' 'f1c6eed066f24cbdb376b910fce29ed4'
 '6768339b54084020aec27adcef8994ff']",['66689accdd974295b7eb779e43578748']
941b9d29572fa96c8945389d9636cb68,[Lifecycle][MGU22_F][Automation] Quiescence current ~13.8 mAh during STR,22,['HU22DM-233977'],"['4119fd06010c494caa07f439b333f4c5' 'd3835bf3dda84ead99deadbeac5d0d7d'
 '077d2820ae1845bcbb1803379a3d1eae' '6e0c81bef5364c988b21bf9b709d9861'
 'd005bf75c31d4848ad7041f39651e59c' 'f09f381c319f4251847d1a4bb8cdcac1'
 'eec11f567e7f4943b157c3a657eb9a46' 'efef117839b64ce9adf614a461d41ba6'
 '2171091ada0942d8ae7944df11659f6e']",['1ef0c1c59ce946668ccf1a6a4f5ab7cc' '61f1dc4267314470ac820b6a46c61f7b']
2c0c1b5b31fbfa0999a6ab06a2af3d7e,BI_2311to2403 RSU FATAL_ERROR in customer vehicle - HU_MGU_02_A activation failed,25,['HU22DM-236110'],"['4119fd06010c494caa07f439b333f4c5' 'd3835bf3dda84ead99deadbeac5d0d7d'
 '077d2820ae1845bcbb1803379a3d1eae' '3d0dcbc8971b415ea18065edc4d8c8ef'
 '0ee7db2c6bea4630ba9f0c25e8a967ad' '82b0446e7c9d4fc793f7b97f890e9049'
 '44c65dda6fb7472dae36f6eea720ab47']",['d734746e3d6146f780af91827e578dfd' '21ed913271614cbeb1b754cdbbef13af']
703e0e838d2ef3544cf1fe9f1bafcdea,KNG/CID_Black screen after restart,9,['HU22DM-238678'],"['4119fd06010c494caa07f439b333f4c5' 'd3835bf3dda84ead99deadbeac5d0d7d'
 '077d2820ae1845bcbb1803379a3d1eae' 'bcfdc48e5f044e1d84c5d217c1992d4b'
 'b232fb0f2ac14790b931d1e7fcddd8ad']",['f0c578614b224345974c3e4c110878af']
c5bbe031af6327c65b96044c98a2653d,RSU_G18_2407_ID8_MGU lost during the upgrade process. Unable to drive after upgrading.,23,['HU22DM-240083'],"['4119fd06010c494caa07f439b333f4c5' 'd3835bf3dda84ead99deadbeac5d0d7d'
 '077d2820ae1845bcbb1803379a3d1eae' '3d0dcbc8971b415ea18065edc4d8c8ef'
 '1c16b22e18d3483b8d41b284754274e2' '0080f96708cd4054a5f0986ca86889f4'
 'e683130322ac47708a852a5e51abb7c5']",['7ffb88ebc729492c897ccfb569d7f6d0' '60dce7d8bc1b4729a038178a400b9a59']
6d919a6bd8e1f81fb0839e1bf950648e,HU-MGU_02_A Cascade: ECU 0x63 sends conditionsNotCorrect on RC_APM,22,['HU22DM-243209'],"['4119fd06010c494caa07f439b333f4c5' 'd3835bf3dda84ead99deadbeac5d0d7d'
 '077d2820ae1845bcbb1803379a3d1eae' '71a0a8c1beb64da08124205e9a803d98'
 'f84314943bee4c859c9a62f268c9c216' 'ba481175ee1d4329bf07757a30abd3a1']",['4cbb4e238c5b4656803fb9b4b6c3512e' '652873bcd6d5432187e5deafc4fc5211']
5fc5a35b355f33929d63f6a4da76a54d,0xA7631B System Health: error reset IOController in F66 24-07 pre-series production,22,['HU22DM-243958'],"['4119fd06010c494caa07f439b333f4c5' 'd3835bf3dda84ead99deadbeac5d0d7d'
 '077d2820ae1845bcbb1803379a3d1eae' '785f7f32471c439e89601ab81c828d1d'
 '8d8da35190bf43c5878fa38f3eb4f3d2' '2fb7e14a3f124526bd7b24867fc18e81']",['2233f31929194eac89333ce8731a5584' 'f33e4e897b1e422bb516e8a2c941d9dc']
0f9a5da33adb698ee3345a722dd6dbd4,MINI IDC: Black Screen after new LC - HU didnÂ´t start up,17,['HU22DM-245052'],"['4119fd06010c494caa07f439b333f4c5' 'd3835bf3dda84ead99deadbeac5d0d7d'
 '077d2820ae1845bcbb1803379a3d1eae' 'e69dc259edb944ea9ea41264b9fcfe59'
 '5c13c7d61e6c4bfe839f21e7ad3530a7']",['0a799eab61bc4e6b884db6689f9c2c4a']
efed2f5ad92d570897eac4d86d0b1a3e,[KSP] BCP sends NM on 3080 but IDC switch not forwarding them to WAVE >> eCall CCM Ecall and internet functions lost when startup,33,['HU22DM-246119'],"['4119fd06010c494caa07f439b333f4c5' 'd3835bf3dda84ead99deadbeac5d0d7d'
 '077d2820ae1845bcbb1803379a3d1eae' 'f7e11b0e297a44a896dc67928368f600'
 'c9632a35146940c2a86167c7726d35e9' 'f1c6eed066f24cbdb376b910fce29ed4'
 'a621663edba64d99b7e50f1e53f32ee7' '42be4e140061482ea509dd3e26189480'
 '4da4ef951ff340f1a3dd679de4be3341']",['1f7b02bf486e4f42b23e9cb1a63207f3']
0784994e44ec90c109bfba4168172930,Bad IuK Startup With Low Battery,8,['HU22DM-248441'],"['4119fd06010c494caa07f439b333f4c5' 'd3835bf3dda84ead99deadbeac5d0d7d'
 '077d2820ae1845bcbb1803379a3d1eae' '2f05fcce857e4a499ca4e89a3cefbcb3'
 'b3aeb7ae009a4f52ae3ae4586e32fe11']",['fac4e1553a9840e990bbfff46e64ff27']
98d9ad1f817227c5f61267561edb5a29,[ML-25-07] G68__IDC23_CID always awake in the whole day after lock the vehicle,24,['HU22DM-248628'],"['4119fd06010c494caa07f439b333f4c5' 'd3835bf3dda84ead99deadbeac5d0d7d'
 '077d2820ae1845bcbb1803379a3d1eae' 'aff21f1da1654e7babdcf3fb0e4a75fc'
 '089b9b9841714b8da043777e2cda3767' '38f1e44579d0437dac1203c34678d3c3'
 '1ca24718a96b47f3a8855550506c4b41']",['50eabc166e8944a49197e79c32f27597']
2497d5afd088df4a3081fe517742f705, [MGU22- E Branch _High Value of LC Counter leading to UDP NM Crash,18,['HU22DM-248808'],"['4119fd06010c494caa07f439b333f4c5' 'd3835bf3dda84ead99deadbeac5d0d7d'
 '077d2820ae1845bcbb1803379a3d1eae' '9c980dfe3cab44b7a83408405edab0b6'
 'f23484b1b45d44c3b7847e1906dddd37' '929f30875e1744b49e7b416eaf5a790c'
 '4920fda031804ce8a1073ace8e061ed6']","['029a55d327ee4fb3a8314b36d52bdf34' '5a636c894c384532bff66212cf9d5824'
 'a9c468ef78704e9aabfc0317a5b1b42d' '5df80c25d33a4d148a14aa614343cc6b']"
0974e3980ac7fd39ff8d5b5b4ec931be,[IOC][ML] HU does not recover from UV - SOC does not start,17,['HU22DM-249423'],"['4119fd06010c494caa07f439b333f4c5' 'd3835bf3dda84ead99deadbeac5d0d7d'
 '077d2820ae1845bcbb1803379a3d1eae' 'e69dc259edb944ea9ea41264b9fcfe59'
 '4b8aa4587c7344adac2cbfa69d5e40fa' '52701d941dfb45359693baae8f267056']",['8c34cd494a63438dac219c1dc0f73100' 'c6f428af0c5e4f629902fd5455bf19ac']
cf610e79c74e3f3602430ab31cee3f59, [IDC23][Mainline]: 0xB7FB60 - SAFE_CODING_DATA_ERROR causing IC_SAFETY_VIOLATION_RESET_BLANK,32,['HU22DM-249745'],"['4119fd06010c494caa07f439b333f4c5' 'd3835bf3dda84ead99deadbeac5d0d7d'
 '077d2820ae1845bcbb1803379a3d1eae' '07b2425216bd4f0aa4e079827cb48ef5'
 '04085f7cf46544b79597fc49286ff84d' '31499ee6277a4d71b19cb5b6be554c69'
 'd99eabad5dfd47278692569d2a9395b1' 'd53f15cb7f7845de91cc44ad44ff9f6e']","['3b6e2ac584b64847b53828c9d779fed3' 'e9b68002e035447baae848208cea5503'
 'fe18353546824ca98294ce4be7b96e02']"
c78dd01d6b0659a81d7a421f8e66b69c,KNG/AZV_Complete failure of the display network during vehicle start,15,['HU22DM-250163'],"['4119fd06010c494caa07f439b333f4c5' 'd3835bf3dda84ead99deadbeac5d0d7d'
 '077d2820ae1845bcbb1803379a3d1eae' '23becf8c6fca4f47a53ec4883d4bf63f'
 'd0ffa3bcd1234258953ff4956d19f561' 'ac41b77ba33c4c84877eb425aba03aa1']",['0daf88ac4ec94cbb868e27e956c6d7f1']
59a45bd10b760382a60e524b4ed8e99d,: IC_SAFETY_VIOLATION_RESET_BLANK observed in vehicle TA10013,18,['HU22DM-250504'],"['4119fd06010c494caa07f439b333f4c5' 'd3835bf3dda84ead99deadbeac5d0d7d'
 '077d2820ae1845bcbb1803379a3d1eae' 'd53f15cb7f7845de91cc44ad44ff9f6e'
 '5d3184dabfd647a5a7e565f72c60ff24']",['6a87f06ed55a46f29b24f77e548a3f1d']
13c46de65b7e974b827b668b96bc054b,[LifeCycle][MGU22][STR] Unexpected Coldboot due to SHUTDOWN_STR_EXIT_OFF.,21,['HU22DM-250799'],"['4119fd06010c494caa07f439b333f4c5' 'd3835bf3dda84ead99deadbeac5d0d7d'
 '077d2820ae1845bcbb1803379a3d1eae' 'e7ffaee9d31d4d3c96e04f911d0a8f9e'
 'cbf232211e7d4eb6abdbe182f71c2cf0' '0ec262c2cfef4dd581f3655e5e496e31'
 '100c2fccd7f74d9281707082f062ba72']",['cbe1a41a82aa4f268e8264568b25938f']
7d90c325caef35c2373d29a64216f8c5,IDC23 Series Car - DFE stays sporadic black after clamp change an NO DTC is set,21,['HU22DM-253013'],"['4119fd06010c494caa07f439b333f4c5' 'd3835bf3dda84ead99deadbeac5d0d7d'
 '077d2820ae1845bcbb1803379a3d1eae' '17ed1d92075643579a712cc6c29e8ddb'
 '9d08f285a7be4c79b8f359c51d51db37' '378fc7636eeb4aabbfd40995a6960c64'
 '80a04aa18cd649d584292f23b10c0727' '4e9ca18ccc1d4527a3bc035d07f5e162']",['b4c4354c8edb40db984942799fe0c8b1']
a09d1faef621f16a103301800d46a8f6,IDC23 Series Car - DFE stays sporadic black after clamp change,15,['HU22DM-253493'],"['4119fd06010c494caa07f439b333f4c5' 'd3835bf3dda84ead99deadbeac5d0d7d'
 '077d2820ae1845bcbb1803379a3d1eae' '17ed1d92075643579a712cc6c29e8ddb'
 '378fc7636eeb4aabbfd40995a6960c64' '5564257e89f1428486a64fcf52f49490']",['9ed120043e6247be9965e4904920991b']
7f4755e00889a196ce9e227c285b81dd,[IDC23_ML BAT Failure]: Kernel panic- Failed to sync observed in SOC logs during node0 SOC flash on IDC Premium Samples,27,['HU22DM-254475'],"['4119fd06010c494caa07f439b333f4c5' 'd3835bf3dda84ead99deadbeac5d0d7d'
 '077d2820ae1845bcbb1803379a3d1eae' '38f51478f41f48db9bee570859b6f43e'
 '83c76fbd2a004d90a5b0a6736ffed61d' 'd9779c41e3c74fe0b26e23822a4b995b'
 '9d7a563b3b2d405092c31f1fe08cff77']","['c1ff9d8e1b8745d6860c34ce26122d79' '9d1e6ca9ae8e4e068fb74631a633b20b'
 '60c9212246f84ae5b6ab254127a39262' '0f8d0c36a4274526a9eddedae5e63881']"
5e1ea4f69aa3c0aef87c8cfa7a01598f,HU-MGU_02_A Cascade:(Flash) ECU 0x63 sends conditionsNotCorrect on RC_APM,24,['HU22DM-254504'],"['4119fd06010c494caa07f439b333f4c5' 'd3835bf3dda84ead99deadbeac5d0d7d'
 '077d2820ae1845bcbb1803379a3d1eae' 'f84314943bee4c859c9a62f268c9c216'
 'ba481175ee1d4329bf07757a30abd3a1' 'bd43f3d439a54781bd4b721a9a269b92'
 'adc0f95733e74351a891c4dadf650a52']",['652873bcd6d5432187e5deafc4fc5211' '78f9b30c08134ac5abb4f4e0bff0f7f2']
b7244c24ba845e9461cf4ba9cc098f77,[Lifecycle][IDC23] [PU2403] IDC23 does not wakeup sporadically after WUP trigger with SHUTDOWN_FULL_OFF,29,['HU22DM-255377'],"['4119fd06010c494caa07f439b333f4c5' 'd3835bf3dda84ead99deadbeac5d0d7d'
 '077d2820ae1845bcbb1803379a3d1eae' '1943f245ee4243bdbfbd2fd619ae824a'
 'efce8a9d61254447a26aee99e53f0398' '4a75a9f0b18a48bea9c0601c0fc395c4']",['a1773cac7d4c4939aec965660e5015fe' '6a054cb59fb44cf494b93988b5f88833']
f091b55b0f0ed7cd0a802196c4677959,IC screen black after updating 24w10.7-1,13,['HU22DM-255790'],"['4119fd06010c494caa07f439b333f4c5' 'd3835bf3dda84ead99deadbeac5d0d7d'
 '077d2820ae1845bcbb1803379a3d1eae' 'e19287afe00a431f9a593a4827d1b448'
 'f2c06f3a0c704296bf3353b91ee8af47']",['6aedd377efbe4f07ae42e546996e7bfa']
c1cba8ed0d193ad59458390a792657b0,DLT logs states that IDC performed a system reset even though it was a customer reset,17,['HU22DM-257079'],"['4119fd06010c494caa07f439b333f4c5' 'd3835bf3dda84ead99deadbeac5d0d7d'
 '077d2820ae1845bcbb1803379a3d1eae' 'f1c6eed066f24cbdb376b910fce29ed4'
 '7e2c84548fb94ee395ba8588d8f2a006' 'f512103ed4624accac6cbbf90d7d250a'
 '2325dafe50d1435cbee8ebcaa69688df']",['6b49c78aa1524609ab7aa74aeaa3e01d' 'c077d92b48b6477db91e1a0460600f52']
4f335fde2d28f448a0915ffcfef01855,[IDC23_ML]:WAKEUP_REASON_IOC_WATCHDOG_RESET,14,['HU22DM-257827'],"['4119fd06010c494caa07f439b333f4c5' 'd3835bf3dda84ead99deadbeac5d0d7d'
 '077d2820ae1845bcbb1803379a3d1eae' 'e22d1d1cd8d14f12b81828d940f40d70'
 '2fb66f9a0de6406d83b61742a3b52cd6' 'b0e6cfd979ea48b997019b059999d3c2']",['6315b4bf135c40358823ed7e4e4060e2']
fea407b542ed67412969ae08575b8a8f,[ML-2507] IDC23 Series Car - DFE stays sporadic black after clamp change an NO DTC is set,26,['HU22DM-258174'],"['4119fd06010c494caa07f439b333f4c5' 'd3835bf3dda84ead99deadbeac5d0d7d'
 '077d2820ae1845bcbb1803379a3d1eae' '3d0dcbc8971b415ea18065edc4d8c8ef'
 '17ed1d92075643579a712cc6c29e8ddb' '9d08f285a7be4c79b8f359c51d51db37'
 '378fc7636eeb4aabbfd40995a6960c64' '4e9ca18ccc1d4527a3bc035d07f5e162'
 'ef00ec3a324f4f5986141401002af3f6']",['6ff4ed0dda4f4158af37be99f505565f' '94d81d7de9254ae4b3b16fcc69aa22ea']
334c3ebe03cf82c42af09756374b37b3,After 2h bussleep IC shows 999999 km mileage,14,['HU22DM-258624'],"['4119fd06010c494caa07f439b333f4c5' 'd3835bf3dda84ead99deadbeac5d0d7d'
 '077d2820ae1845bcbb1803379a3d1eae' 'e19287afe00a431f9a593a4827d1b448'
 'a542fd7aed7341468028928937ea2983' '1c5e296a5ac541c1b5cac4357537c22d']",['1aa8484562784f378851c33843c89687' 'f1a65d05dd5d456b889217020475ef80']
d0855f40ad99ed1bf80ae7f0c30afa6f,No Shutdown and Start with Active Screen after LC,9,['HU22DM-258813'],"['4119fd06010c494caa07f439b333f4c5' 'd3835bf3dda84ead99deadbeac5d0d7d'
 '077d2820ae1845bcbb1803379a3d1eae' '3ce7c210a21b4deebad7cc9308148d86'
 '5ecf534a9ffe46e0b1c2144110c691c0' '4d183e7007624fcd98af96b9d752c16d']",['8290a6212d6c4430ae0056c7e8eccd5f']
663b1326fe05422c58ed1902d31e3b29,"U12_2311_IDC23_Production Car_NO RESPONSE FROM CONTROLUNIT, HU startup timeout",21,['HU22DM-259776'],"['4119fd06010c494caa07f439b333f4c5' 'd3835bf3dda84ead99deadbeac5d0d7d'
 '077d2820ae1845bcbb1803379a3d1eae' '26f88ab3e2e04c33a459ad6270ade565'
 '718c507cb8ac49e6a35c251ac951b5ca' 'b45ef27279c043269b23b894461d7d8c'
 '10983a248cc448c59c94df4d1d0898f0']","['79f4b1c1b2be4cf7aa828846e20a4eb6' 'de04830d6e414fd5b39a9e90769d9452'
 '14f8ac195fdb4e06a0b9ebc6ef391180']"
c5ff7aa7d8c153485c3ffe08f2ded51b,"HU-MGU_02_A-HU-IDC23_HIGH_B537 Cascade (Coding) ECU 0x63 After EcuReset, ECU does not accept transmitted coding data due to out of range error.",44,['HU22DM-260696'],"['4119fd06010c494caa07f439b333f4c5' 'd3835bf3dda84ead99deadbeac5d0d7d'
 '077d2820ae1845bcbb1803379a3d1eae' '3d0dcbc8971b415ea18065edc4d8c8ef'
 'e2ec7d3cdbeb4dd086ae6eb399332363' '67f10971666240ea930f3b875aabdc1a'
 '8b95083939ad4771b57a97c2d5805f36' '3c4062de44d64870a3cc5913d5769244'
 '24652fab20d84381b112b8491de2887e']",['667ee58a79194316ae2b82eadd3fc575' 'b0e3ee2324054c88adacdf80db13278f']
17dff7d79189b2b01e7c3aa61ba924d9,: IOC_WATCHDOG_RESET,5,['HU22DM-261264'],"['4119fd06010c494caa07f439b333f4c5' 'd3835bf3dda84ead99deadbeac5d0d7d'
 '077d2820ae1845bcbb1803379a3d1eae' '3d6b216c14354332b1bf1927ba168986'
 'd4602d4a27b34358baa86814a3836d68']",['320d9d91238948a8be67972ccceab878']
bfc23088565dc19b7bd1ffb0c0db98b7,"After change Units, last settings are not shown in the menu",12,['HU22DM-261507'],"['4119fd06010c494caa07f439b333f4c5' 'd3835bf3dda84ead99deadbeac5d0d7d'
 '077d2820ae1845bcbb1803379a3d1eae' '36be44627ece444284f9e759b8cd25c6'
 'a64b4b17b07a44e4b1ac33580d811936' '423b72bbd56f4caa98f3328202c1c3c9']",['87fe1462b9064d5692641ab48e826301']
71eb165d023c6665c29c3653f2522e20,[PU 2407] G68_2411_IDC23_CID always awake in the whole day after lock the vehicle,25,['HU22DM-262457'],"['4119fd06010c494caa07f439b333f4c5' 'd3835bf3dda84ead99deadbeac5d0d7d'
 '077d2820ae1845bcbb1803379a3d1eae' '5c7ef01f46a94641bf1ae5cd25f8a538'
 'aefde1f7617f4c0e9aed31db77f6d862' 'ad52ba79a84748a49067e53b1d5095f9']",['a55175ac57014df696ca09d0def9604b']
a1838f9de5474cd63c332cdc1b221da5,"IDC23 Series Car - DTC ""0xA7631B - System Health: Resetfehler IOController"" is currently present",28,['HU22DM-263025'],"['b45241d70f0e43fca764df95b2b81f77' '4119fd06010c494caa07f439b333f4c5'
 'd3835bf3dda84ead99deadbeac5d0d7d' '077d2820ae1845bcbb1803379a3d1eae'
 '6ea81acaf232485e94fff638e03336e1' '378fc7636eeb4aabbfd40995a6960c64'
 '7ffa3a064bce468082739c5a164df5a3']",['472b23bb92834173b4118d101040c726']
5fd255db7b2c556ca799d5988db53512,Completely black CID and Kombi while reversing,10,['HU22DM-265216'],"['4119fd06010c494caa07f439b333f4c5' 'd3835bf3dda84ead99deadbeac5d0d7d'
 '077d2820ae1845bcbb1803379a3d1eae' 'b999ed77e19e4f85b7f1ae79af5c002a'
 'c6d1e4f56c2843e89cf0b91c10bb6de2']",['7d58b089bfc549e8951e91ad62541119']
cc785dd030908551f67b83fc75dc56ca,[Lifecycle][MGU22_G][Field Mode_Engineering Mode] WAKEUP_REASON_WATCHDOG_RESET Observed during STR,26,['HU22DM-265750'],"['4119fd06010c494caa07f439b333f4c5' 'd3835bf3dda84ead99deadbeac5d0d7d'
 '077d2820ae1845bcbb1803379a3d1eae' '148fffeb994541b2b4b6dcefda7001a8'
 '31a7e680c4d54101afe4c8d52d246913' 'eeb9c02c0efa4131b9e95d33c31019fc']",['9ef487dd0b574b108c60a56d6a2f146c']
b1edebca8079ae04f91698fa6fa203cb,RVC blackscreen after STR start up,8,['HU22DM-266368'],"['4119fd06010c494caa07f439b333f4c5' 'd3835bf3dda84ead99deadbeac5d0d7d'
 '077d2820ae1845bcbb1803379a3d1eae' '148fffeb994541b2b4b6dcefda7001a8'
 '7b2472c5dd9949c58828413387b94659']",['4067269e7f6943cdbc299ce02b7eadbd']
69a8a040ff4b42b2e1d8895085f06383,"[BI_2407]HU-MGU_02_A-HU-IDC23_HIGH_B537 Cascade (Coding) ECU 0x63 After EcuReset, ECU does not accept transmitted coding data due to out of range error.",50,['HU22DM-267734'],"['4119fd06010c494caa07f439b333f4c5' 'd3835bf3dda84ead99deadbeac5d0d7d'
 '077d2820ae1845bcbb1803379a3d1eae' '3d0dcbc8971b415ea18065edc4d8c8ef'
 'e2ec7d3cdbeb4dd086ae6eb399332363' '67f10971666240ea930f3b875aabdc1a'
 '8b95083939ad4771b57a97c2d5805f36' '24652fab20d84381b112b8491de2887e']",['28b7457ca5dc4a38a488946a3f8e207e' '389314ca89d445888c8d4985864dd733']
c2dc1cce7596dd68d266adf381b4660a,G48_IDC23_AZV black screen and can't recover by sleep and manual IDC reset,20,['HU22DM-268256'],"['4119fd06010c494caa07f439b333f4c5' 'd3835bf3dda84ead99deadbeac5d0d7d'
 '077d2820ae1845bcbb1803379a3d1eae' 'ede9350632084da5b0b577ff799ab14b'
 'b0e6cfd979ea48b997019b059999d3c2' 'bdddcb17ba6c408599dd395ce64f960a'
 'bc70fee2061541148833d19e86f225b3' '0fc15cc3b44c4142a770feb4c037a6f7']",['5ca888df9b884e54accdd2ff29d125c1']
daac9fd3428f7570ba876022e3fa7ea4,"U06 - 0x034A61 - Motorabstellzeit, ZeitzÃ¤hler Kombi - ZeitzÃ¤hler DME Vergleich: Wert ZeitzÃ¤hler Kombi zu niedrig im Motorlauf",52,['HU22DM-268654'],"['4119fd06010c494caa07f439b333f4c5' 'd3835bf3dda84ead99deadbeac5d0d7d'
 '077d2820ae1845bcbb1803379a3d1eae' '3d0dcbc8971b415ea18065edc4d8c8ef'
 'a24e9df02e1b4b43bf6324b039e28285' 'ab3a5a6713244fd595a1ace978c3d960'
 '02a88c0d128e4586b2f1f64329786d3c' '1ca41537c47c4752a17a44d1d7086d96'
 '7e0d14ca308b4796bdc675a64bd3a36e']","['1766e8858d7b45ed97f71cb5a39e96ea' '6191e014f3f64e46a0777063ed4ac19a'
 '21b0499cf14342269c46170c291d0535']"
e5798863dd93590f5b5637e224eae820,G48__IDC23_System relative time jump to correct one and then drop to incorrect one after awake,21,['HU22DM-270374'],"['4119fd06010c494caa07f439b333f4c5' 'd3835bf3dda84ead99deadbeac5d0d7d'
 '077d2820ae1845bcbb1803379a3d1eae' 'a80c7c98c0b647f8b9f6f8cc09168e44'
 '2d66a15939294d21b83b3e277f0a4e46' '47f6d6573cf34e1096c95e36251dd60c'
 '2fbd74d5ccca4be99c5257b3ac95cfba' 'a2b1621a3e424ae29a6a73f00edbeca3'
 'ec45e1c400654c4f875046926486ded7']",['c1ef05b38b3f4d59888150fc0dd26826']
56db6bd1fa62c6b555094fabb41e1914,[2507-ML] DLT logs states that IDC performed a system reset even though it was a customer reset,23,['HU22DM-270530'],"['4119fd06010c494caa07f439b333f4c5' 'd3835bf3dda84ead99deadbeac5d0d7d'
 '077d2820ae1845bcbb1803379a3d1eae' 'f1c6eed066f24cbdb376b910fce29ed4'
 '047cd93e9d704c7d8dadb6e79f9458df']",['7ff31ce54f424f0bbb297b0b3ba7c757']
9c352b3b5cf51f9e81915ed38dffda96,No start date for data in Live Vehicle for driving statistics shown,12,['HU22DM-271900'],"['4119fd06010c494caa07f439b333f4c5' 'd3835bf3dda84ead99deadbeac5d0d7d'
 '077d2820ae1845bcbb1803379a3d1eae' '5b71ee73a5b6484495b2a0a75219426c'
 'e1f524d4b9754ce2b64a0a4c8f73b854']",['74cb9b3510e84498b9aee0d904316e8b']
c137c38909dc32507f0020ef49b14132,Total kilometers of combi cluster displayed in red,9,['HU22DM-272909'],"['4119fd06010c494caa07f439b333f4c5' 'd3835bf3dda84ead99deadbeac5d0d7d'
 '077d2820ae1845bcbb1803379a3d1eae' '838c4498bc3c437f8d65428b580766a2'
 '1b893f24eb98477aad6ce49c0f26737e']",['043d764b2e1b4d1294651ff938df5391']
6eb3be753407be6c0ad1ad35ae45ff75,BI_2407to25-07 - [LifeCycle-RTC] [IDC2403] [Automation] Watchdog Reset observed during LC.,31,['HU22DM-273045'],"['4119fd06010c494caa07f439b333f4c5' 'd3835bf3dda84ead99deadbeac5d0d7d'
 '077d2820ae1845bcbb1803379a3d1eae' '668cf1fdfd644d39acc6350b86117ea2'
 'c885166d0c454a748376b56279f96408' 'f09f381c319f4251847d1a4bb8cdcac1'
 '6573bc2af4f94596a3f4452a602d6fc4' '0dddcca0e5df4b16bc03a51a2d2d8e16']",['400d10f2ee1d49be9a66efa34dada0e6' 'b8e966b34cba4b11b9995106767212ba']
cd64fb9f6775da0c44f2ac4c77fc9bbb,IDC [ML] WDG in LPM,10,['HU22DM-274240'],"['4119fd06010c494caa07f439b333f4c5' 'd3835bf3dda84ead99deadbeac5d0d7d'
 '077d2820ae1845bcbb1803379a3d1eae' 'fe98fb197d294b0b837aee8d5a98dfb1'
 'feb9ddd0ac2949178f26a36949aa5422' 'b4e4fa2e3dfc46e68d532d659b18d17d']",['31f2170fef004f3281c533a4a60dc3f3' '57f186c5c2754483ba66750e98222f95']
e936cac803f64546f1bdc2f5534c4329,IDC [24-11] CAN_INH Interrupt Behaviour ,13,['HU22DM-275911'],"['4119fd06010c494caa07f439b333f4c5' 'd3835bf3dda84ead99deadbeac5d0d7d'
 '077d2820ae1845bcbb1803379a3d1eae' '3d0dcbc8971b415ea18065edc4d8c8ef'
 'f58813d090b947a48c1b4614b92c3ec3' '30a251bc3d04430d82b5a1a98c7b8c75'
 '93e1d19f9bfa4c6b8962d56d10ea9483' '8046335ba70b434aa3188392a746fd78']",['4b3fc569d91f4a7aa6501ad4fcf67b7a' 'cbc1667556f84a5eadf867a823e6986c']
995bb26d8497c3ce073dce7e0b029cb1,[Lifecycle][MGU_G][Field mode] observed high current during STR LC,16,['HU22DM-276339'],"['4119fd06010c494caa07f439b333f4c5' 'd3835bf3dda84ead99deadbeac5d0d7d'
 '077d2820ae1845bcbb1803379a3d1eae' 'cbf232211e7d4eb6abdbe182f71c2cf0'
 '5c02b1ab32064c64a0f8b27b219e358a' 'c5f77ba0c261408780db3d50346f16b7'
 '453ecf5476f64f4a8d5020b95baf1314']","['74d43d20f251441baf8e3db64fedca43' '1b7a22f76f7741e8b140bdc3d8856d76'
 'c09f67d4f25448c99f7c0552c30b7706' 'c0866306dc8c4da2a8a81c0c3a78b657']"
e67a8c180e24e5284a02a114305b264d,MGU_02_A - Journey Data (since factory) changed after RSU PU Upgrade from to 24-07,24,['HU22DM-276493'],"['4119fd06010c494caa07f439b333f4c5' 'd3835bf3dda84ead99deadbeac5d0d7d'
 '077d2820ae1845bcbb1803379a3d1eae' '3d0dcbc8971b415ea18065edc4d8c8ef'
 '1f1545308e9347af91fd03b94aadc21f' '6a1d83c9ce2b483dbd7de5ab3ae2487d'
 '66c3dffb7d7a4fa8bb6b48a22ca917a6']","['490583524d394bf79289c5fe34f7dcf1' 'd7db38bb599c42cab7066f3fdd282282'
 '3884c37eb13a4c9097ee2c5be4eeefaf']"
51902b4fc9b9c277ce9e76d7bb490488,: WAKEUP_REASON_IOC_WATCHDOG_RESET,9,['HU22DM-277117'],"['4119fd06010c494caa07f439b333f4c5' 'd3835bf3dda84ead99deadbeac5d0d7d'
 '077d2820ae1845bcbb1803379a3d1eae' '1c109cfdc370463eb6d537e5b7b382fb'
 'e22d1d1cd8d14f12b81828d940f40d70']",['dab39f92d0ed468c80699f28c05c45fa']
98a04f71b2a6f6be26a586dee58615f0,KI028 - Resetfehler IOController,9,['HU22DM-278063'],"['4119fd06010c494caa07f439b333f4c5' 'd3835bf3dda84ead99deadbeac5d0d7d'
 '077d2820ae1845bcbb1803379a3d1eae' '6090e736374d45fd84f0e4610a314f8f'
 '6f3dd1fd6d7f4df4af0656ed0525c92e']",['a4db1b2a9c3e4d2d838725f8166c36b4']
fc5ae552d34d6d1852b07859a0f96722,Failed to wakeup target post nsm command,8,['HU22DM-279145'],"['4119fd06010c494caa07f439b333f4c5' 'd3835bf3dda84ead99deadbeac5d0d7d'
 '077d2820ae1845bcbb1803379a3d1eae' 'fbeef791d19b413a9c93c6608286ab63'
 '711eb39432794b0a91110358dd536517' '0e00585b08044954a254116665400463']",['22ea3328fb6343f4ad2862495ea27640']
de7b7ed1df2bd5a2072691c689d14583,IDC [25-07] CAN_INH Interrupt Behaviour ,13,['HU22DM-281050'],"['4119fd06010c494caa07f439b333f4c5' 'd3835bf3dda84ead99deadbeac5d0d7d'
 '077d2820ae1845bcbb1803379a3d1eae' '3d0dcbc8971b415ea18065edc4d8c8ef'
 'f1c6eed066f24cbdb376b910fce29ed4' '30a251bc3d04430d82b5a1a98c7b8c75'
 '93e1d19f9bfa4c6b8962d56d10ea9483' 'db0147eff2204a20b5e5e6bec7a8bae5']",['a876d1ab79864396bc47a039225fd5c7']
e37c75674602107b2c7483f65f7b79f1,BI [Mainline 2507] KNG/AZV_Complete failure of the display network during vehicle start,23,['HU22DM-283687'],"['4119fd06010c494caa07f439b333f4c5' 'd3835bf3dda84ead99deadbeac5d0d7d'
 '077d2820ae1845bcbb1803379a3d1eae' '3d0dcbc8971b415ea18065edc4d8c8ef'
 'd0ffa3bcd1234258953ff4956d19f561' '2033ec0487f04240abb3bdbe77b39087'
 'f026fab8fec948ae9e7baa2ad715e6ef']",['90764eb2cab74cffb1c7d72d28b965cc']
c188e627b8cf464e99a147969b436b77,Kombi Black at startup - Focus on CAN outage in IOC,13,['HU22DM-284771'],"['4119fd06010c494caa07f439b333f4c5' 'd3835bf3dda84ead99deadbeac5d0d7d'
 '077d2820ae1845bcbb1803379a3d1eae' '1c109cfdc370463eb6d537e5b7b382fb'
 'd0d7ed36d6f54b5d986dfd854096b728' 'bf6a4c18f44042799eb7456a6b85b54a']",['01abe16e67c241a887aa62abe22d155c']
593106634c58b8567ffa3f161932bd0d,[IDC23][2411]: Restart platform WAKEUP_REASON_IOC_WATCHDOG_RESET,17,['HU22DM-284813'],"['4119fd06010c494caa07f439b333f4c5' 'd3835bf3dda84ead99deadbeac5d0d7d'
 '077d2820ae1845bcbb1803379a3d1eae' '1943f245ee4243bdbfbd2fd619ae824a'
 'e22d1d1cd8d14f12b81828d940f40d70' 'fac4a59c2278498d83f9f1b4231ad62e']",['e7b103a52e384e3e8bf14105223e7e82']
36698f420af2c02437bac70962717ce6,Parkview not complete after start,6,['HU22DM-285250'],"['4119fd06010c494caa07f439b333f4c5' 'd3835bf3dda84ead99deadbeac5d0d7d'
 '077d2820ae1845bcbb1803379a3d1eae' 'd6d2b5862ddc4c4d87deee3423506817'
 '47d588d26e2b4cccb68fe2af4c147c8f']",['37049be0a2c240c6a06acf9339237b8b']
85d22b7ef37ae79ad6567046b8184a1c,"[IDC][Pre-Integration][24w23.4-1] After STR, IDC immediately enters FULL OFF state",24,['HU22DM-285692'],"['4119fd06010c494caa07f439b333f4c5' 'd3835bf3dda84ead99deadbeac5d0d7d'
 '077d2820ae1845bcbb1803379a3d1eae' 'f1c6eed066f24cbdb376b910fce29ed4'
 '148fffeb994541b2b4b6dcefda7001a8']",['bac51e00d486420c8e91e824d8e17411']
4889b8e64628e3aa5708b9fe22f95fc0,[IDC23][2411]: IC_SAFETY_VIOLATION_RESET_BLANK Reported DTC 0xB7FB8F - SAFE_MISC_CRC_ERROR,33,['HU22DM-287701'],"['4119fd06010c494caa07f439b333f4c5' 'd3835bf3dda84ead99deadbeac5d0d7d'
 '077d2820ae1845bcbb1803379a3d1eae' '1943f245ee4243bdbfbd2fd619ae824a'
 '3d0dcbc8971b415ea18065edc4d8c8ef' '989add81cf874018a569239b68d17ff2'
 'fd7d94fbab084bc380480abeef6bfade' 'cfb915c95caf41c6a25e99a9f37f03a2']",['3f1042452c254cecaf7189e89162adc8' 'fd31d549420744d1bd1a6b1112a9a6ba']
b16c781317dfb822518787256e0210a4,[PU2411] Disable the sanity reboot feature for MGU,13,['HU22DM-290563'],"['4119fd06010c494caa07f439b333f4c5' 'd3835bf3dda84ead99deadbeac5d0d7d'
 '077d2820ae1845bcbb1803379a3d1eae' 'de6fa24480894518ab3cbcb66f739266'
 'c0f2dc03d8df400db4997c1a0babd6ad' '8815ed80f9b741dbb458d902024f34a4']",['1ba06fe2e86140a59bbc4f4e969d0f71']
6bb4ce52008209df78eb01779ea251c1,Suspend to RAM Functionality did not work after LC,11,['HU22DM-291004'],"['4119fd06010c494caa07f439b333f4c5' 'd3835bf3dda84ead99deadbeac5d0d7d'
 '077d2820ae1845bcbb1803379a3d1eae' '3ce7c210a21b4deebad7cc9308148d86'
 '005d2154da754b21adcd90ac921bd5f7' '711ba818354546cea69f1532b92a2f26']",['b0966a0f455e44229e6c9705d57bfca9']
4747961b7d704e7afe64e6d22c7d010d,[Lifecycle] [IDC_H] STR Budget Fall to 0 after STR_ERROR during Sanity Reboot,21,['HU22DM-293722'],"['4119fd06010c494caa07f439b333f4c5' 'd3835bf3dda84ead99deadbeac5d0d7d'
 '077d2820ae1845bcbb1803379a3d1eae' '148fffeb994541b2b4b6dcefda7001a8'
 'c063484895794a0eaae1b0ff070ad4c9' 'e8868920e21b4431aad16e86db977ecb'
 'aea3378bfff842e5b3f4b7a4b55b3879']",['094a736ba43c4da48c556437f47f88d1' '15dfb45a6ffa4d34ad72cfe4b3c5cc0d']
4630228042c15512e1ed883eb515a81c,[IDC23][2407]: IC_SAFETY_VIOLATION_RESET_BLANK DTC Reported 0xB7FB78 - SAFE_STATUS_ERROR,31,['HU22DM-293897'],"['4119fd06010c494caa07f439b333f4c5' 'd3835bf3dda84ead99deadbeac5d0d7d'
 '077d2820ae1845bcbb1803379a3d1eae' '989add81cf874018a569239b68d17ff2'
 'd562223c17d948bf98e34b4d97dde932' 'cde2d75c51d245879265b79d14b8699b'
 '44594467054849d4a1fadb46ddd51641']",['e785c52881704d95bf4ec03d2720f8ae' '654689c65613476b9905d7afb3809cd2']
d3fbba5bbdc8e16420e32df5ff071afd,[RSE22_PADI][SV][FAT] FZGCOD_SP21:- Initialization of PSdZ failed,24,['HU22DM-295360'],"['4119fd06010c494caa07f439b333f4c5' 'd3835bf3dda84ead99deadbeac5d0d7d'
 '077d2820ae1845bcbb1803379a3d1eae' '2918130221f94f4387da049b647bfe6a'
 'fd139ac75b0e4777ab67b7423eaaa37f' 'a701c349eb7142d48ba7efad89caf9d2']",['427c3b7458f148d8bace1b768e2b5b7c']
51ca6c1076833d3aeced45611f974418,Significantly delayed startup of the CID. Approx. 10 seconds after in the 1st and 3rd Lifecycle,24,['HU22DM-296893'],"['4119fd06010c494caa07f439b333f4c5' 'd3835bf3dda84ead99deadbeac5d0d7d'
 '077d2820ae1845bcbb1803379a3d1eae' 'b999ed77e19e4f85b7f1ae79af5c002a'
 '32e6ccab20d94029811127dbbe424c64' 'e5d40a1b17f74b1db5d18279caedb04a'
 'de25d06733d04385825ee082792f5e52']",['9d98dece22eb401aa1a5ce9c88c603f0']
4198df50195e95a191fc901ca82acac4,Production Car_Error at B_DATA: WRITE_FA_TO_BACKUP: Problem with the PSdZ vehicle connection or the PSdZ system configuration is incorrect. ECU is not readable. (PSdZ ID: 433),46,['HU22DM-298019'],"['4119fd06010c494caa07f439b333f4c5' 'd3835bf3dda84ead99deadbeac5d0d7d'
 '077d2820ae1845bcbb1803379a3d1eae' 'e2ec7d3cdbeb4dd086ae6eb399332363'
 'fd139ac75b0e4777ab67b7423eaaa37f' '32f6f11a7845416b8c6eb9fb0b382140'
 '91407be8c3e54e23918d3a7183d962db']","['8029a14d15404e6db95ddf5e2bf9fc15' '95d506750fd94e72bbd9cf2d3fe18e28'
 'bf0138ccbcc740089a55fd0c24897360']"
c9fd7c7cbe732bcec09c19d35febcaaf,Black CID after bus rest and immediate departure with RFK - Focus: Cold Boot,16,['HU22DM-298253'],"['4119fd06010c494caa07f439b333f4c5' 'd3835bf3dda84ead99deadbeac5d0d7d'
 '077d2820ae1845bcbb1803379a3d1eae' '8870cf2b5df64d2cab5820f67e29b9f1'
 '3831134696584d83bbf676a6b3bfa8f9' '50e512a5dbe941f5af68bfdf74b1c3c0']",['8fe58de8a04f4f8f807c77fb41829a3a' 'a9f50861273c4bb697d868a9d049d392']
d40fc73eef238010776ab42d53427a71,[IDC23] [ML] [Automation] High Current Occurred During STR Lifecycle Automation ,19,['HU22DM-298287'],"['4119fd06010c494caa07f439b333f4c5' 'd3835bf3dda84ead99deadbeac5d0d7d'
 '077d2820ae1845bcbb1803379a3d1eae' '1943f245ee4243bdbfbd2fd619ae824a'
 'edc717747e904728b57185f5013461f9' '8fba1fea719d49d380ac2d9c310d68b3']",['f7ab348030714072a277682b51f7c588' '83cd5df42643494396b00d6cb6376def']
f61d4cabff020b216061d777c3acd5d3,Wrong STR budget is getting renewed automatically,7,['HU22DM-298496'],"['4119fd06010c494caa07f439b333f4c5' 'd3835bf3dda84ead99deadbeac5d0d7d'
 '077d2820ae1845bcbb1803379a3d1eae' '532da08f04f645708e747c57e9c4ee05'
 '3cf0ab4cf14e47ddabd49d500a3dc488' 'a39b72f8921f43ef8ef295c7cc8f7294'
 '9f5adbeb6cf04f089abe78d86cfa6aba']",['909d28e443fd4e0bac189373125c8309' 'efbc2439e5034801af83ac1a0b440535']
6aebae568357758f36c1fbb46e3635f3,Delayed startup CID,3,['HU22DM-298499'],"['4119fd06010c494caa07f439b333f4c5' 'd3835bf3dda84ead99deadbeac5d0d7d'
 '077d2820ae1845bcbb1803379a3d1eae' 'b999ed77e19e4f85b7f1ae79af5c002a'
 'efb6350e65964659bc20396c0166b296']",['1fa6d3118bd846c8837b5fa9fb78f262']
aedb1392696a0303a184efa597f9eb83,TK-FIT - Late MGU start due to coldboot,12,['HU22DM-298500'],"['4119fd06010c494caa07f439b333f4c5' 'd3835bf3dda84ead99deadbeac5d0d7d'
 '077d2820ae1845bcbb1803379a3d1eae' 'de6fa24480894518ab3cbcb66f739266'
 '100c2fccd7f74d9281707082f062ba72' '9d282b2250f7408888504f1f93c202a8']",['36caa0a230c8422c8acb4dc62e35bb32']
4f26e5bc6bd5e9442a1a4d314a03df37,0xA7631B - System Health: Resetfehler IOController ,16,[' HFK: 4'],"['b45241d70f0e43fca764df95b2b81f77' '4119fd06010c494caa07f439b333f4c5'
 'd3835bf3dda84ead99deadbeac5d0d7d' '077d2820ae1845bcbb1803379a3d1eae']",
8f85b6a89a7635df0651bc4afa8bea30, [IDC23] IOC_WATCHDOG_RESET,9,['HU22DM-157954'],"['4119fd06010c494caa07f439b333f4c5' 'd3835bf3dda84ead99deadbeac5d0d7d'
 '077d2820ae1845bcbb1803379a3d1eae' '3d6b216c14354332b1bf1927ba168986'
 '1c109cfdc370463eb6d537e5b7b382fb' '3d0dcbc8971b415ea18065edc4d8c8ef']",
28607f3235a38d9f1e6ce31678cbec08,[IDC23] IOC_WATCHDOG_RESET,8,['HU22DM-158509'],"['4119fd06010c494caa07f439b333f4c5' 'd3835bf3dda84ead99deadbeac5d0d7d'
 '077d2820ae1845bcbb1803379a3d1eae' '3d6b216c14354332b1bf1927ba168986'
 '1c109cfdc370463eb6d537e5b7b382fb' '3d0dcbc8971b415ea18065edc4d8c8ef']",
60b8030983178d724777dd61b51279a3,IDC U25 IC does not show content after LC BUS sleep,13,['HU22DM-158819'],"['4119fd06010c494caa07f439b333f4c5' 'd3835bf3dda84ead99deadbeac5d0d7d'
 '077d2820ae1845bcbb1803379a3d1eae' 'dde131ab575d44dbb55289a6972be18f'
 'de9e343f2e334d88a8ac7f8813a915e5']",
c60c40f586dba63ab8a5d1f8ab3a11d4,[IDC23] IOC_WATCHDOG_RESET,8,['HU22DM-160935'],"['4119fd06010c494caa07f439b333f4c5' 'd3835bf3dda84ead99deadbeac5d0d7d'
 '077d2820ae1845bcbb1803379a3d1eae' '3d6b216c14354332b1bf1927ba168986'
 '1c109cfdc370463eb6d537e5b7b382fb' '3d0dcbc8971b415ea18065edc4d8c8ef']",
698a828fdf5d36721a02e17b833bd96f,"MGU wakes up, quiescent current too high",11,['HU22DM-161393'],"['4119fd06010c494caa07f439b333f4c5' 'd3835bf3dda84ead99deadbeac5d0d7d'
 '077d2820ae1845bcbb1803379a3d1eae' 'de6fa24480894518ab3cbcb66f739266']",
5724a82dd708aaee5d26b64b7d5b0b50, IDC23  :  signalgateway.service  RestartPlatform  ,12,['HU22DM-162083'],"['4119fd06010c494caa07f439b333f4c5' 'd3835bf3dda84ead99deadbeac5d0d7d'
 '077d2820ae1845bcbb1803379a3d1eae' '1943f245ee4243bdbfbd2fd619ae824a']",
5650c6b06970630280e141dce7057923,IDC_IC side display is black,7,['HU22DM-166463'],"['4119fd06010c494caa07f439b333f4c5' 'd3835bf3dda84ead99deadbeac5d0d7d'
 '077d2820ae1845bcbb1803379a3d1eae' '6b02373137fd438ba96af28f735cdbdb']",
fc18a717f9840b1f7cff7e8a3dacbc29,FIT-Fahrzeug / VIT-Vehicle D0130Z - System Health: Resetfehler / kritische Recovery Funktion gestartet / Wiederherstellung fehlgeschlagen,39,['HU22DM-171109'],"['4119fd06010c494caa07f439b333f4c5' 'd3835bf3dda84ead99deadbeac5d0d7d'
 '077d2820ae1845bcbb1803379a3d1eae' '68105770b523412388424d984e711917'
 '85c79fd84f5e4f918471c386852204c5' '0467928aa65e4a4fba62bdb1467e3a54'
 '43c3390303c6476cb65f584e37c3e81c' 'fa14b16c17e3417dba5a4b473ea5b18d']",
df57c066c0f5bdf4c4b3d066b3a92cf4,[IDC23_E][2311]:IOC_WATCHDOG_RESET with reason SHUTDOWN_IOC_WDGM_RESET in Fahren for U010_5V70383,32,['HU22DM-171267'],"['4119fd06010c494caa07f439b333f4c5' 'd3835bf3dda84ead99deadbeac5d0d7d'
 '077d2820ae1845bcbb1803379a3d1eae' '3d6b216c14354332b1bf1927ba168986'
 '3d0dcbc8971b415ea18065edc4d8c8ef' '7cc3356d38de4328a51a5cbcb187dac3'
 'bef16fb5fd7344cca5e295b13ef3e0cd' 'bb9e01bc171d4326a29afda59ece8d17']",
8db2870a9f69b41ad09dc55673603b2a,KNX_G68BEV:CID black screen,10,['HU22DM-171536'],"['4119fd06010c494caa07f439b333f4c5' 'd3835bf3dda84ead99deadbeac5d0d7d'
 '077d2820ae1845bcbb1803379a3d1eae' '7ea4afbf8a264f29af29950ce98105ba']",
bb3cb72da8330639bfff06929672c3e3,MGU_02_A - 0xA7631B - System Health: Resetfehler IOController,22,['HU22DM-174735'],"['b45241d70f0e43fca764df95b2b81f77' '4119fd06010c494caa07f439b333f4c5'
 'd3835bf3dda84ead99deadbeac5d0d7d' '077d2820ae1845bcbb1803379a3d1eae'
 '1f1545308e9347af91fd03b94aadc21f' '6ea81acaf232485e94fff638e03336e1']",
fa10d28ca3b57c6b180e20d88954027a,IDC :   IOC_WATCHDOG_RESET,8,['HU22DM-177615'],"['4119fd06010c494caa07f439b333f4c5' 'd3835bf3dda84ead99deadbeac5d0d7d'
 '077d2820ae1845bcbb1803379a3d1eae' '3d6b216c14354332b1bf1927ba168986'
 'f1c6eed066f24cbdb376b910fce29ed4']",
04d47b645a730d691ba9cc245f58bc13,Black CID after Test E-09 Reset behavior 9.8V (Severity 2),19,['HU22DM-178545'],"['4119fd06010c494caa07f439b333f4c5' 'd3835bf3dda84ead99deadbeac5d0d7d'
 '077d2820ae1845bcbb1803379a3d1eae' '8870cf2b5df64d2cab5820f67e29b9f1'
 'cd130938a2844050be991af70baf5ee0' '43544b99c3b04b059546198a0ae6366d']",
1681ce4c90277fedf623f927c8f40b87,"[IDC][2411][MPP]Sleep car, MPP account auto log out",18,['HU22DM-178726'],"['4119fd06010c494caa07f439b333f4c5' 'd3835bf3dda84ead99deadbeac5d0d7d'
 '077d2820ae1845bcbb1803379a3d1eae' 'a671bf7fea2f4514b6e96ba99127fafd']",
78f9c43b344baaa4cf7b5923d2a89fcb,BI -E2-ML [IDC23_E][2311]:IOC_WATCHDOG_RESET with reason SHUTDOWN_IOC_WDGM_RESET in Fahren for U010_5V70383,39,['HU22DM-179187'],"['4119fd06010c494caa07f439b333f4c5' 'd3835bf3dda84ead99deadbeac5d0d7d'
 '077d2820ae1845bcbb1803379a3d1eae' '3d6b216c14354332b1bf1927ba168986'
 '3d0dcbc8971b415ea18065edc4d8c8ef' '7cc3356d38de4328a51a5cbcb187dac3'
 'bef16fb5fd7344cca5e295b13ef3e0cd' 'bb9e01bc171d4326a29afda59ece8d17'
 '525f41ea20274a05af4e52b625b473f3']",
6a98c69e1e7753cd8ab2aff1e4565646,[BI-E2-ML] MGU_02_L - 0xA7631B - System Health: Resetfehler IOController,29,['HU22DM-179760'],"['4119fd06010c494caa07f439b333f4c5' 'd3835bf3dda84ead99deadbeac5d0d7d'
 '077d2820ae1845bcbb1803379a3d1eae' '071a416efbec4f0886c19ac68f6d43cb']",
54d5a59714c280fbe4b5932246ec8ed5, [PU23-11] Unexpected HARD_Error_Reset is triggered.,13,['HU22DM-183594'],"['4119fd06010c494caa07f439b333f4c5' 'd3835bf3dda84ead99deadbeac5d0d7d'
 '077d2820ae1845bcbb1803379a3d1eae' 'eeef6ae5c464400c8755900b4f1ac37a']",
c529191df0e8772450857333daea1000,0xA7631B - System Health: Resetfehler IOController ,16,['HU22DM-187154'],"['b45241d70f0e43fca764df95b2b81f77' '4119fd06010c494caa07f439b333f4c5'
 'd3835bf3dda84ead99deadbeac5d0d7d' '077d2820ae1845bcbb1803379a3d1eae']",
d8eac196b457340a25d203ef89cf60a0,"IDC23_U12_0xCDA469 - Message (Kilometerstand/Reichweite, ID: KILOMETERSTAND) Missing",34,['HU22DM-189571'],"['4119fd06010c494caa07f439b333f4c5' 'd3835bf3dda84ead99deadbeac5d0d7d'
 '077d2820ae1845bcbb1803379a3d1eae' '0e8d921ccd8d4a8594b65b7fd19f7120'
 '59c726a8792d443e84ab052cb7942b4a' '4f2c665decf242b0bfcaf7350b0e02ed'
 '66cdf168f36d4a57a505028c97dc06e0']",
4d2ebd8c6586f7d4baac358d36590a84,MGU22 HU CID Blackscreen after short stop,11,['HU22DM-190651'],"['4119fd06010c494caa07f439b333f4c5' 'd3835bf3dda84ead99deadbeac5d0d7d'
 '077d2820ae1845bcbb1803379a3d1eae' '35489ca6a63b47d6a8913cf333818bc1']",
715db73f84b8a5a9940736074cb66002,G45 - 0xA7631B - System Health: Resetfehler IOController,19,['HU22DM-191659'],"['b45241d70f0e43fca764df95b2b81f77' '4119fd06010c494caa07f439b333f4c5'
 'd3835bf3dda84ead99deadbeac5d0d7d' '077d2820ae1845bcbb1803379a3d1eae'
 '6ea81acaf232485e94fff638e03336e1' 'd203efdbfb2f4b2a899abfb31cf72e82']",
0ab08c26efb0fb1e1fab5824767e0c19, [IDC23_E][2311] LCM_SHUTDOWN_UNINTENDED_START_WO_REASON Found in Logs,23,['HU22DM-194540'],"['4119fd06010c494caa07f439b333f4c5' 'd3835bf3dda84ead99deadbeac5d0d7d'
 '077d2820ae1845bcbb1803379a3d1eae' '8d141c0b80f74b79a05eed7fe161fe49'
 'ad1595a78935472999444c9330e7730e' '735d19aea0744b2295556841c5c4c3fd']",
7b35c76e997c4827b6c4f2abae08331e,[IDC23_E] Nightly Build BAT: Node0 flashing failure,14,['HU22DM-194555'],"['4119fd06010c494caa07f439b333f4c5' 'd3835bf3dda84ead99deadbeac5d0d7d'
 '077d2820ae1845bcbb1803379a3d1eae' '98fc2ee593184c5a839454db4eec7013']",
e807738758c408be3e8864db88caff39,[IDC23_F] Nightly Build BAT: Node0 flashing failure,14,['HU22DM-194573'],"['4119fd06010c494caa07f439b333f4c5' 'd3835bf3dda84ead99deadbeac5d0d7d'
 '077d2820ae1845bcbb1803379a3d1eae' '98fc2ee593184c5a839454db4eec7013']",
fc61993d2f4b84e88da7c0479a7c8b09,[2403 ]Delayed startup of CID,8,['HU22DM-195094'],"['4119fd06010c494caa07f439b333f4c5' 'd3835bf3dda84ead99deadbeac5d0d7d'
 '077d2820ae1845bcbb1803379a3d1eae' 'b999ed77e19e4f85b7f1ae79af5c002a']",
8f2942bb61954debf95523409380171b,Watchdog reset on health run,6,['HU22DM-195109'],"['4119fd06010c494caa07f439b333f4c5' 'd3835bf3dda84ead99deadbeac5d0d7d'
 '077d2820ae1845bcbb1803379a3d1eae' '1eb829d0ace042089f0746f78729696c']",
3b5e93df489c871dbffe7402a098ed3d,[2403] MGU Black screen for entire LC,11,['HU22DM-195123'],"['4119fd06010c494caa07f439b333f4c5' 'd3835bf3dda84ead99deadbeac5d0d7d'
 '077d2820ae1845bcbb1803379a3d1eae' 'de6fa24480894518ab3cbcb66f739266']",
105b57c88dc624c85578b6500db3200e,[IDC23_E][2311]: IOC_WATCHDOG_RESET in Wohnen for J001_TA10134,21,['HU22DM-197779'],"['4119fd06010c494caa07f439b333f4c5' 'd3835bf3dda84ead99deadbeac5d0d7d'
 '077d2820ae1845bcbb1803379a3d1eae' '3d6b216c14354332b1bf1927ba168986'
 '18b839da898e4026b81727d759d95c6a' '0f70db1e598d463fbbcdd1e288bd9490']",
e27e2ab4a9c49388293a934f22e79331,[2403] CID Blackscreen for complete LC - CID bleibt nach Fahrzeugstart schwarz fÃ¼r einen kompletten Lifecycle. Keine Audioausgabe. ,36,['HU22DM-201614'],"['4119fd06010c494caa07f439b333f4c5' 'd3835bf3dda84ead99deadbeac5d0d7d'
 '077d2820ae1845bcbb1803379a3d1eae' 'b999ed77e19e4f85b7f1ae79af5c002a']",
5f3b0edea71a3b60cb1d93f8690cdf4e,BI_2311toML [IDC23_E][2311]: WAKEUP_REASON_HARD_ERROR_RESET for U011_5V63314,30,['HU22DM-202485'],"['4119fd06010c494caa07f439b333f4c5' 'd3835bf3dda84ead99deadbeac5d0d7d'
 '077d2820ae1845bcbb1803379a3d1eae' '3d0dcbc8971b415ea18065edc4d8c8ef'
 '8d141c0b80f74b79a05eed7fe161fe49' '91ff849d12b24574b0691dbddf44968b'
 '5a6c1d15424149f69052cd8d91fbff75']",
eb4d12268c4776cd1091eab8dfd64de5,CLONE - Kernel minidump transfer failed,9,['HU22DM-217251'],"['4119fd06010c494caa07f439b333f4c5' 'd3835bf3dda84ead99deadbeac5d0d7d'
 '077d2820ae1845bcbb1803379a3d1eae' 'd54956b79dd147f894b67a8b97dcbef0']",
7c7ee4d31b0335759e0043543fe91ef3,Black AZV after performing E-09_Reset_behavior_30s_100ms voltage test,18,['HU22DM-227748'],"['4119fd06010c494caa07f439b333f4c5' 'd3835bf3dda84ead99deadbeac5d0d7d'
 '077d2820ae1845bcbb1803379a3d1eae' 'b0b464bc92a541e48547fe9738378dab']",
cda59abf8930d96e66fcd5d3619e4b9d,RSU FATAL_ERROR in customer vehicle - HU_MGU_02_A activation failed,18,['HU22DM-228655'],"['4119fd06010c494caa07f439b333f4c5' 'd3835bf3dda84ead99deadbeac5d0d7d'
 '077d2820ae1845bcbb1803379a3d1eae' '478e4c72d8fb46dd8cc9f0691c9878fd'
 '82b0446e7c9d4fc793f7b97f890e9049' '44c65dda6fb7472dae36f6eea720ab47']",
2cec5dfa5a6f09a5b21afeb496e812b9,[IDC23 SV][U25][ML] After Flashing ML SW with U25 FA Black Screen Observed.,24,['HU22DM-247143'],"['4119fd06010c494caa07f439b333f4c5' 'd3835bf3dda84ead99deadbeac5d0d7d'
 '077d2820ae1845bcbb1803379a3d1eae' '1943f245ee4243bdbfbd2fd619ae824a']",
1c852b336f353f87f2751110f2cdc004,CID did not wake up after a long life cycle,10,['HU22DM-252112'],"['4119fd06010c494caa07f439b333f4c5' 'd3835bf3dda84ead99deadbeac5d0d7d'
 '077d2820ae1845bcbb1803379a3d1eae' 'b999ed77e19e4f85b7f1ae79af5c002a']",
0a7547de4c019d0e5653423bf13ffca3,G60  - Short downgrade of signals provided by UCAP,12,['HU22DM-254665'],"['4119fd06010c494caa07f439b333f4c5' 'd3835bf3dda84ead99deadbeac5d0d7d'
 '077d2820ae1845bcbb1803379a3d1eae' '225105a7be14447cb03186bd40756059']",
6df40f4f11124a8eb71d3cdeec84d3f3,Instrument cluster does not start,5,['HU22DM-257617'],"['4119fd06010c494caa07f439b333f4c5' 'd3835bf3dda84ead99deadbeac5d0d7d'
 '077d2820ae1845bcbb1803379a3d1eae' '469aeef98cd1421fa123277b93d7b83a']",
0a3f862605cf8a485d799d0d07169d94,[PU 2403] G68_2411_IDC23_CID always awake in the whole day after lock the vehicle,25,['HU22DM-262458'],"['4119fd06010c494caa07f439b333f4c5' 'd3835bf3dda84ead99deadbeac5d0d7d'
 '077d2820ae1845bcbb1803379a3d1eae' '5c7ef01f46a94641bf1ae5cd25f8a538'
 '289616058bf4495887292003b27ba216']",
2f1a4c16f74e9a4a92dda5e3341ef376,[IDC 2403] Selective Wakeup always enabled.,13,['HU22DM-263249'],"['4119fd06010c494caa07f439b333f4c5' 'd3835bf3dda84ead99deadbeac5d0d7d'
 '077d2820ae1845bcbb1803379a3d1eae' 'ce36d1d637cf4a4e93f5e37ffbc6bd76']",
c5d0eac05f45e3d69f8a70fee50bae95,MGU_02_A - 0xA7631B - System Health: Resetfehler IOController,22,['HU22DM-266169'],"['b45241d70f0e43fca764df95b2b81f77' '4119fd06010c494caa07f439b333f4c5'
 'd3835bf3dda84ead99deadbeac5d0d7d' '077d2820ae1845bcbb1803379a3d1eae'
 '1f1545308e9347af91fd03b94aadc21f' '6ea81acaf232485e94fff638e03336e1']",
76131825499e7d53c5c19498382570b6,Mileage inaccurate- shows 999999,9,['HU22DM-268779'],"['4119fd06010c494caa07f439b333f4c5' 'd3835bf3dda84ead99deadbeac5d0d7d'
 '077d2820ae1845bcbb1803379a3d1eae' '8323efc8e539419e9ca3c98e758f6609']",
7e271f93a1a56d88064d851c01af91fa,EA-FIT BEV Total km-Anzeige 999999km/Total km display 999999km,22,['HU22DM-272010'],"['4119fd06010c494caa07f439b333f4c5' 'd3835bf3dda84ead99deadbeac5d0d7d'
 '077d2820ae1845bcbb1803379a3d1eae' 'ae1fe1c014c54ec4bcdf10dbdaed5068']",
0b00a136b0de2902f5aa0ca66863707e,"DTC-Analyse - 12 DME 0x034A61 Motorabstellzeit, ZeitzÃ¤hler Kombi - ZeitzÃ¤hler DME Vergleich: Wert ZeitzÃ¤hler Kombi zu niedrig im Motorlauf",58,['HU22DM-272024'],"['4119fd06010c494caa07f439b333f4c5' 'd3835bf3dda84ead99deadbeac5d0d7d'
 '077d2820ae1845bcbb1803379a3d1eae' '1ca41537c47c4752a17a44d1d7086d96'
 '92646910ee624bd7909fac2b5c0232e3' '05913bee89a94bca88449249e35ba74d'
 '57b8930790c34dcba4a32c6be703ed78']",
5e91ccea60b2782f42202ef0ba0a1356,Vehicle status KM unplausible,5,['HU22DM-272796'],"['4119fd06010c494caa07f439b333f4c5' 'd3835bf3dda84ead99deadbeac5d0d7d'
 '077d2820ae1845bcbb1803379a3d1eae' 'aff21f1da1654e7babdcf3fb0e4a75fc']",
9496bedf976a93fccf86a223c7de6d86,IDC CAN_INH Interrupt Behaviour,7,['HU22DM-274239'],"['4119fd06010c494caa07f439b333f4c5' 'd3835bf3dda84ead99deadbeac5d0d7d'
 '077d2820ae1845bcbb1803379a3d1eae' 'df40ad480a3c47299a6c8fad05349304']",
c3c9155af78fd1230659ef439d08e2a1,STR startup takes nearly 1min,7,['HU22DM-283425'],"['4119fd06010c494caa07f439b333f4c5' 'd3835bf3dda84ead99deadbeac5d0d7d'
 '077d2820ae1845bcbb1803379a3d1eae' '67bb4f4678284819add02ba04f3b1103']",
f0efb36842d71c9764d28cf83102f4b5,[IDC23] [PU2411] [ZST] [Ethernet] [2.2: No transition to No_Communication on wakeupline low level],33,['HU22DM-286633'],"['4119fd06010c494caa07f439b333f4c5' 'd3835bf3dda84ead99deadbeac5d0d7d'
 '077d2820ae1845bcbb1803379a3d1eae' '1943f245ee4243bdbfbd2fd619ae824a'
 'b1f6164116d44fe8b8f135d7f65b9e58' 'c0f2dc03d8df400db4997c1a0babd6ad'
 '0211d61aae834229a3a1e004ff5cc658' 'ccbbbcc055c34709abcf103208c2c299']",
1550b931aff3210da4e57eb07e7afd48,MGU22[SV]After_SV_Validation_Task-IOC is continuosly throwing ERROR LOGS.,23,['HU22DM-290718'],"['4119fd06010c494caa07f439b333f4c5' 'd3835bf3dda84ead99deadbeac5d0d7d'
 '077d2820ae1845bcbb1803379a3d1eae' 'dddb831546354e088d29aebd154e3a31']",
a40e1ff3de18337279c3b50ab7657d87,"U12_IDC23_Production Car_IDC no response at B_DATA, Action: ECU handling, Error description: Unknown response to request for programming counter: ECUId:HU_MGU2_0x63, (PSdZ ID: 2226) (ECU answers occasionally)_2403U12",66,['HU22DM-291771'],"['4119fd06010c494caa07f439b333f4c5' 'd3835bf3dda84ead99deadbeac5d0d7d'
 '077d2820ae1845bcbb1803379a3d1eae' '5c4d8a8f9c104176b87d2bfdf04ae0bd'
 '5a781604f1fb4719b730f43f534627f6' 'ecdc1020b10e49ca869d399825e16fa3'
 '0d8fde01d7234726a00d7e73e2e01d66' '9c4bd60958fd4e09a6d5b9e2ab163b5a'
 '39d31f770cf740e78d526a2e1101a1db']",
2a0869932b49c7c5e8ab1b42c3efbd2e,TK-FIT - Very slow MGU startup due to coldboot,13,['HU22DM-293481'],"['4119fd06010c494caa07f439b333f4c5' 'd3835bf3dda84ead99deadbeac5d0d7d'
 '077d2820ae1845bcbb1803379a3d1eae' '9d282b2250f7408888504f1f93c202a8']",
a481ce54debc067e578f784939a11b49,CID takes long to show screen,6,['HU22DM-294098'],"['4119fd06010c494caa07f439b333f4c5' 'd3835bf3dda84ead99deadbeac5d0d7d'
 '077d2820ae1845bcbb1803379a3d1eae' 'b999ed77e19e4f85b7f1ae79af5c002a']",
74b9e62910bd230078c62bb08f4f4539,0xA7631B - System Health: Resetfehler IOController,15,['HU22DM-297185'],"['b45241d70f0e43fca764df95b2b81f77' '4119fd06010c494caa07f439b333f4c5'
 'd3835bf3dda84ead99deadbeac5d0d7d' '077d2820ae1845bcbb1803379a3d1eae']",
8f4465aed6020a60e9929cd324f39a97,MGU starts without animation in every lifecycle,8,['HU22DM-298516'],"['4119fd06010c494caa07f439b333f4c5' 'd3835bf3dda84ead99deadbeac5d0d7d'
 '077d2820ae1845bcbb1803379a3d1eae' 'de6fa24480894518ab3cbcb66f739266']",
9985fbe2c394828a205bcb770f194801,Delayed start of CID,4,['HU22DM-298527'],"['4119fd06010c494caa07f439b333f4c5' 'd3835bf3dda84ead99deadbeac5d0d7d'
 '077d2820ae1845bcbb1803379a3d1eae' 'b999ed77e19e4f85b7f1ae79af5c002a']",
