id,relationship_ids
b31989d3d895ae57672b9996ec1ee43f,['e095cc36da784300b27c6f8c60a96440' 'c68893ca39d74ba08c6eb138f24441e1']
a1838f9de5474cd63c332cdc1b221da5,['472b23bb92834173b4118d101040c726']
78694c2f02a78b42f413d98bcc76e527,['81869985b45a4fefbbbb23ea118a3de4']
211397562072e865dcde9c2fafb534b5,['42b8584c5a874eb08fbd61f0c18f3ca0']
c972662ec0a96c9ac366df01191fcba3,['824d93d9840a4b7c8b1f31bc6816b497' 'f209a808f1f04a5699601e672f4abd06']
f34047ed9be957245be11e9ab8df28bb,['ccb335166f6c4564ac1c61549d8ded50']
13c46de65b7e974b827b668b96bc054b,['cbe1a41a82aa4f268e8264568b25938f']
f329c668191e3367609b7bc41cdc48a0,['28e7639f55ce464c8a080cbb2c745fa2' '2b916117691c4872a9c4e4888d4fe4ab']
45a47bb0690d91ed05f85dad1776bc56,['3f3a2d7aa1294116814f0b4d89baa23d' '3073b33926bd4f33807ffa3befacefaf']
efed2f5ad92d570897eac4d86d0b1a3e,['1f7b02bf486e4f42b23e9cb1a63207f3']
80fd6c58091eb31c0a8e40a0b27473bd,['e744c118ae7f4638a01d060bbaedd6e9']
413508076503ffc1791365f31de7f406,['e1c1080c717d437996def1a41772d179']
9c0f0dd4c99b02f2563aa2d10aec7236,['63fba9a7c47a4f14ac0bee6bc90d0fea' '2139b0906dc541e094138a978d070416']
2045a423d7ec0e6b18300c4009b51f97,['6bfc2395b4f54a528a1ebac94a43acb8' 'f6ddfa8491ff40d2839bb5b2e105df22']
06339417dd129043f8102316e372f97b,['1cce5cebf437428eb1a60dffbdfa603f']
2701318aa6b7a9afac87cdf7f06be4fa,['dc94039d6643460ca3c66150b9087129' 'bf91f36307cb43e1ab1e967cb3ba8274']
d58af2774383a48d5ddffee5074893a6,['f197d75f159943f8a3ff441199790bc7' 'ae521508bdc244f99c4fce4ab5214c79']
3367d1af79b215e1e3bbeda05ec12266,['4d8890c699684c9381105b03b0b41b03' '5bfefaa0fce04002851733337bed714c']
e17bf1f3eed3d870d76a36ec5d026cd3,"['4d8890c699684c9381105b03b0b41b03' 'b5fed5609f154df58c6a9f74e55fc0ba'
 '66e098dc431146e19fc4bc2ea37efbd9']"
7abba7c2008a10626855aa8423929d38,"['b1658adfa43847eabad1437db235e858' 'ffa128c9c0c84d39bad1bba8cfa4adc5'
 '2dc7f6b230db452190a09643ca3d5ec0' 'c20ecfc93b3a4875ade5c92cfe4b94a1']"
b7244c24ba845e9461cf4ba9cc098f77,['a1773cac7d4c4939aec965660e5015fe' '6a054cb59fb44cf494b93988b5f88833']
593106634c58b8567ffa3f161932bd0d,['e7b103a52e384e3e8bf14105223e7e82']
4889b8e64628e3aa5708b9fe22f95fc0,['3f1042452c254cecaf7189e89162adc8' 'fd31d549420744d1bd1a6b1112a9a6ba']
d40fc73eef238010776ab42d53427a71,['f7ab348030714072a277682b51f7c588' '83cd5df42643494396b00d6cb6376def']
c06fc6dd3a2a71fb3c9ffae93ae426f6,"['ff5466607e5d4453b1d833629292f664' 'fdcb1673254842f1935f53d0c38c467e'
 '7deb75816e4f473480e0c79ae99b5bf4']"
2dce2f2cbf044821729ff6883c3351ab,['71f95003936e46a98d90757ffd845d40']
be42eeb163c37d00a0bbd2b8a838a5f8,['bada987ea7da4c939393ee1c3d08ccd4' 'd0a274e7934d446fb91847bb53a961a6']
0f9a5da33adb698ee3345a722dd6dbd4,['0a799eab61bc4e6b884db6689f9c2c4a']
0974e3980ac7fd39ff8d5b5b4ec931be,['8c34cd494a63438dac219c1dc0f73100' 'c6f428af0c5e4f629902fd5455bf19ac']
5ad45bd483d79609ef98d1ea70c8cd36,['d1fd271d16c348019c2fcced762b35a2']
5b2875e1c818a3da9b0b3be551d1b092,['058f66cc356b43cc9433bd3c8d57fa46']
106e9295bcfedcccf6687dc20ed91e0c,"['ff74091eaba246698fcae59c21eec828' 'f6cbbf1b8f4b48a28a16e4dd8976b9bb'
 '757ca40654d5476aa949a26b733be8d4']"
264f25220ba4af0a533536c5f131719d,"['ff74091eaba246698fcae59c21eec828' 'f6cbbf1b8f4b48a28a16e4dd8976b9bb'
 '757ca40654d5476aa949a26b733be8d4']"
bb863e7d23568e97bb4f20c0f09d87f2,"['ff74091eaba246698fcae59c21eec828' 'f6cbbf1b8f4b48a28a16e4dd8976b9bb'
 '757ca40654d5476aa949a26b733be8d4']"
ffecca81d2d2f0fb0b1752286ad2c891,"['ff74091eaba246698fcae59c21eec828' 'f6cbbf1b8f4b48a28a16e4dd8976b9bb'
 '757ca40654d5476aa949a26b733be8d4']"
bc5e7d72174f350a33dcf12faefa7aa6,['539d55e7c42e44b59d98f59fae3e0ee1']
d5559092bd99fd1f3869f1524b901358,['539d55e7c42e44b59d98f59fae3e0ee1']
dee02c29ee12ac56a5d7bfe57c8d5abc,['539d55e7c42e44b59d98f59fae3e0ee1']
acaf15728080d84305015a26ec9ce5a7,['3785eeadea9042bfb2e50f16c0397a12']
605fe89d0c31975979dfde8bc5177ac6,['48cd97f2297143e09d61ff2a8542c0c5' 'b4c7de7a824a4a71b9f52193d2f1a10d']
55946cdb9635ae3014dc49b213ebd624,['ff95eb0d5f7f49b782027d5c7ae3c3fe' '086da554db5b4ad5806aedeb0024197c']
709a4bdcd3b3b2d8e694f76f116741bb,['216ee8a907a0466a88b27f8ada19ffa0' '6fefb317687d4ac98efe39a52f3e190f']
17dff7d79189b2b01e7c3aa61ba924d9,['320d9d91238948a8be67972ccceab878']
0aa243942da652d5a1747247f52dea02,['bdcbcccadd474b3bbe9a8f56c811bab4']
3389efd680d43d6b195bdec5625f5852,['f127fc4d87f94794be89134406ba0694' 'a87aa935dccf49cd98b40fb5afe7ad5c']
fce2cc9025ae0fb6f2180ece37d3ab9a,"['c27966a4e3be434686454204ac7b3ab4' '53d98f08e7c74158b7318357b6c660b3'
 'cd601f77419c403889aadeee591915b5']"
51902b4fc9b9c277ce9e76d7bb490488,['dab39f92d0ed468c80699f28c05c45fa']
6ae37b9ba3a17fa65c721371ae3e5646,['3076f330d121489aa50964ce54a3b1ac' 'aa946d4379694a74ba0da37e69d2810a']
13bd16bd84d1d944ba4eda1cd1f97d81,"['c8e5d3afdcb54c8589e280f0c4a87417' 'f3d30627e19245649e497ab49bf0fa30'
 '8130a1a82bde46048952cf147690e630']"
23688e9dc337373f3b1a22dde4d91f6c,['e3f1098c3d984bc7b5f30b9c0101f7a6']
f8ac24c10a7bc8dc5cc62f5cc543a497,"['24b4a5f4db67418cbfa08c5316f0ab51' 'e4b707e3e6964197855b82fc66ef59e7'
 'dcb3f4cc8abc46faabc193d9885e91d0']"
98521d8af0974f7a7aa310e1144fd17c,['109b8be5a8ee4180a1465cd23f019d7b' '49f771e31a0c4b35bc39e389f3623509']
2790bae7f2c75a57fb2b3355a842e5a4,['268446fc52a54fd2837f73aeb3e0b74f']
8561914d860570076ff3ce9f41682bc4,['db1295504da645b69d9786d54f233fed' '969e1ea0b1e443a68e9a65dfef91d161']
fea407b542ed67412969ae08575b8a8f,['6ff4ed0dda4f4158af37be99f505565f' '94d81d7de9254ae4b3b16fcc69aa22ea']
ab0db4a2bcca339c26d0d4c5ef065293,"['5d398b88ee4242a59c32feb188683ec3' '46e8056fb2ec4811ab33cb34a0dc9fb3'
 'fd9b298e6aea4685bbb2064b05fcda79']"
c8c82262047b0f6faa51e75c12b10967,['0a784e00c9464bd3aeb830b908f73170']
6bb4ce52008209df78eb01779ea251c1,['b0966a0f455e44229e6c9705d57bfca9']
41d33265517367967d10564cbf8fe7d4,['99761e9b89cc4060be3ed6b34532e7ff' '4fe3ff52700c491f8cc650aadb4d7cb0']
6eaf196fc6a057eed197922d34d1c0a6,['79c99026b7ef4946b9b8e0be841fd4c5']
f06a861562496748755a429bc4a6f926,['3295be59128d451bb720c6688adc1e0b' 'aca3eb8924ac494486fe0bfe892f7f2e']
9099f98cb6057a5bd9bfd18262448c29,['66689accdd974295b7eb779e43578748']
c1cba8ed0d193ad59458390a792657b0,['6b49c78aa1524609ab7aa74aeaa3e01d' 'c077d92b48b6477db91e1a0460600f52']
56db6bd1fa62c6b555094fabb41e1914,['7ff31ce54f424f0bbb297b0b3ba7c757']
85d22b7ef37ae79ad6567046b8184a1c,['bac51e00d486420c8e91e824d8e17411']
6e74dc5d592cc6479ac5f124d556a850,['4adee3aad6524a4aa4c4711c1ee05e64']
4aa2f720394e12efb67e7221a8c3e845,['d034e4fd8ac849278e658daad1a1f033']
9586c06886abf1586a1758c00adddcb3,['091e998370dd42d1b05ab0fcf6595a7e' '1e6cabc18fab4c048281fd29d3044438']
b1418ffef573dabf60fa012d304ac1a3,"['dc08f6d7398b4b798a3bdccf508a2ad4' '1c7fd5af8d8041e186eae2431fc627cd'
 'b16eda56dcec40f2b3e109fb9246bee3']"
40e1a39840a87dc78c85d45877938e4f,['43c68f9a86654a32a2215e23957ed184' '8dbe8f9867e4448f998416c18923eac4']
b16c781317dfb822518787256e0210a4,['1ba06fe2e86140a59bbc4f4e969d0f71']
aedb1392696a0303a184efa597f9eb83,['36caa0a230c8422c8acb4dc62e35bb32']
f12bd8809b9a4fbde18d50ae1f1388fb,['09940fed9d154504948bba2df1789a50' '4d6608557eed49368a6d09c7c5c664c5']
4b03f045ca7c1bdd67310c061680f0c5,['eb7c93eeb9dc41aab57d29e97ebb4951' 'e96d3475d43b42a781b297ae7e650afe']
cf610e79c74e3f3602430ab31cee3f59,"['3b6e2ac584b64847b53828c9d779fed3' 'e9b68002e035447baae848208cea5503'
 'fe18353546824ca98294ce4be7b96e02']"
6e92c9d95d4da810634624fe16b99344,['0e9740e25f5a460c81318336e00ac880']
61e528d9a380f24404cd2de394311bd5,['b7cd9a62710849778fdadced0d754687']
1c2d8c652837fae12d7e1016a093614f,['432a6b4962544200949421a96a405142']
1a03dc612a3f20b5016da81e642dffc1,['d6700b360ac141d282cdb567414bf4ce' 'c1b40a4039b44061a358e098867f7412']
d0a7ea4cae6a04e4034abf6e52d259c1,['4643a7a319674adfb732b6f6122c7c64']
1850b7ad817b6b8ce6eb45d7acd606ff,['8b57a9f43a1942a49b58cf881835f974' 'f78b01b0d93948c283644ec58f7be74a']
2a3102391bafcd28c7dd42549ccf48cf,['fe8ea8bf1395434393e04e8f7a33025f']
5fd255db7b2c556ca799d5988db53512,['7d58b089bfc549e8951e91ad62541119']
6aebae568357758f36c1fbb46e3635f3,['1fa6d3118bd846c8837b5fa9fb78f262']
2225399269f5b8d8b66b99cf4000276e,['62c65bbae33c4ee9a21b61f6f454c4b4']
798857dabf3f6e02fd96d3754961b4f9,['30b7034c4468473f98ee18d00ee73b33']
6d366f29543ceb4666afebe8b2a7fb2f,"['00f78b85e5b84999a810e311e540037b' '3e460d9f011d4b0b9ccaae7b6a5202de'
 'bff3db70f9af4f2c87a93df48ecbb6bc']"
51ca6c1076833d3aeced45611f974418,['9d98dece22eb401aa1a5ce9c88c603f0']
32dd9f1e052bb8720a07b05aa6fb5e27,['81446ea789b24eaf9eab02dc07c3d984']
663b1326fe05422c58ed1902d31e3b29,"['79f4b1c1b2be4cf7aa828846e20a4eb6' 'de04830d6e414fd5b39a9e90769d9452'
 '14f8ac195fdb4e06a0b9ebc6ef391180']"
bd6d9a5cf87b1af138c29eb3af9c5414,['69db426b97714835bf4937180774787a' '9c7bc862339d4a5bb21ee5154d9b33bb']
cab271ab0f3742e4c18dd6a66b5e86fd,"['17bad53a0ebe4569839e5e151ff78593' '8dae140578c841ae9373cbc607c4a6e6'
 'b215cc33cf40434f87f284ff8f3506a4']"
aeabc848d13f599e65a605c7e209813c,['0f564ebd53e940fba9d16674ac7bc038' '2489232bd2bb492babe00617e7290282']
9790ebc82f7160ddd73beb7d7f7fbe30,['7f85b181f1184f77aeb3ea2155cf4027']
6bd2fe643bdcc6be72047366d70c9d36,['d148b2b2033048618f1a090a492a40a5']
dcbbc08412a95a4863db9dfed9ae7a41,['4d839a10353e4144a26563b0966721d5']
20db9c0dd62cade55b075611582ceb52,['521a862bb196488389f17c0b0f4b6f4d']
fc5ae552d34d6d1852b07859a0f96722,['22ea3328fb6343f4ad2862495ea27640']
a54f32c60cd4cca34c0a066fab49ca87,"['3f9a2a2c1c0a424e8b4980ea9d48bdbe' 'aa2ec452728a4703ae1bdabe85b6c079'
 'c5ddb31e0a9c4b2683e4631283dd505b']"
4102370503cd9bf6c2f6d53fc36975c2,['07d8eeb549044ac88d2e788c146a0ef1' '563c2af32bb3476299e9b24a646097ab']
d4d16109ee09bb9a72b3728a9f1c6ac3,"['47df2815030c4f1c99facd5cf2482526' 'a2cb46c226b94831853a5d28c5d94b0a'
 'd3511ecd27cd4166bdb39e757e275300' 'de3b561f5cce4c83bccb39180e362c97']"
4f335fde2d28f448a0915ffcfef01855,['6315b4bf135c40358823ed7e4e4060e2']
6963ec899be88537c2941c7683d0cfcb,['33905debec1a45ecae1c65daac1d854c' 'bfbe904780fe47daad1a04126b12923c']
4cb16c8995629cafeed255165bc44360,['0614f00e932c4cd0b53928053811ebc1']
cc785dd030908551f67b83fc75dc56ca,['9ef487dd0b574b108c60a56d6a2f146c']
b1edebca8079ae04f91698fa6fa203cb,['4067269e7f6943cdbc299ce02b7eadbd']
4747961b7d704e7afe64e6d22c7d010d,['094a736ba43c4da48c556437f47f88d1' '15dfb45a6ffa4d34ad72cfe4b3c5cc0d']
19481b31bad12e8d64f13ffe10364cda,"['d59b49eb94ce442d89907e90c5d3a44e' '7e40cd12839a4577a95e33d785147a31'
 '39887ca8567141d5b857b87a2bca4086']"
1dffee3b908bcf0751d4b6877aca42ea,['8ea7cef407df48098046551e303e1c64' '186e60d2176547bf84e5bf87bd16bb40']
e63e71033e5973e3521ddff778ca35d3,['e65017091c8d4c7daa45b6c8414e0465']
4f2192a3cefeb2e045757f4c98cb538e,['a0f326b9597b49dda6563e9208316117']
046b9075b99ef77e1f8fa7d1156334bc,['cd58a8740ba54d86a77db9bb9544ef0d']
ddc5db0d99054990fc7e3df37f711e27,['1ce76a5547854d458878bd445f0ccbd6']
e5d2a321469250dee3b1b85e9b569a2b,['11e4325f59394ff1bc89892f79288702' '1389192ce5464be6b3b5749bc9536709']
03a78e6d89d1dfd1f291689da2203e0d,['71743537a07c440ea1710a269da8b538' 'eeecb159cc8a4c8989f8da0f3df09f2a']
c51fbbba65ab5cfc2a7399114b4afc72,['b349041c0be64c62b964ab1234e055e6']
54a15d140b297609b48abc816e38da3d,['8e09e7cfea7d405db8b22ae2f836ccb1']
e67a8c180e24e5284a02a114305b264d,"['490583524d394bf79289c5fe34f7dcf1' 'd7db38bb599c42cab7066f3fdd282282'
 '3884c37eb13a4c9097ee2c5be4eeefaf']"
76c05aa95fb4be4ccf65725072d479ba,['efd87a59d01e47c8adc02f63ef2c5c3e']
43589fe9a00b5cd521a6f3d5ea3e87ac,['80e3ce3de41e4601823a333e22b7bb3f']
98d9ad1f817227c5f61267561edb5a29,['50eabc166e8944a49197e79c32f27597']
be4e3c313a76922c52076bc989ed8134,['5197a3fb02ef4677abd1900aa87e4efa' '887f444240bb474da23cdfb6abf7a998']
57f109cc789d99591333a9eab93f716c,['5d29053f2ce74442aa1855b327ef3bb7']
c9fd7c7cbe732bcec09c19d35febcaaf,['8fe58de8a04f4f8f807c77fb41829a3a' 'a9f50861273c4bb697d868a9d049d392']
1d9d7ab8e8e26dabca265f83b6c769f4,"['be4820f29fd942b282049fa49697b4ed' '36870a3393f6413e9bf647168eb6977a'
 'f6de923de6474d2cab6a9c2f0d81fa59']"
7d1a061b758da894b990616789cdeaeb,['be4820f29fd942b282049fa49697b4ed' '6deaefe707f84b3dbda979dea0d095ac']
8758fe93d5c253a88c97ac51e89237d2,['d053ea9432a24fb192e8d6aa993b0caa']
a4260298f4959dba8b6c03551ae0f618,['a3e683d294ed42a28d60d09a36cbeb54']
2839fbc9d019e6693439329e5fdfb5a2,['8df8563ab0394ee9a91b89dea7d59404']
9e33bda60d240a6b736314369d0ce78c,['12398f70065143839d812fd42ac4b2e7']
995bb26d8497c3ce073dce7e0b029cb1,"['74d43d20f251441baf8e3db64fedca43' '1b7a22f76f7741e8b140bdc3d8856d76'
 'c09f67d4f25448c99f7c0552c30b7706' 'c0866306dc8c4da2a8a81c0c3a78b657']"
018ee9a00bbc1f766288a1d00e47abd2,['b823ba1bfe944fa9887edd8faf8a5f17' 'd0bfb473fdc64643954cdb4675e2f389']
98a04f71b2a6f6be26a586dee58615f0,['a4db1b2a9c3e4d2d838725f8166c36b4']
7f4755e00889a196ce9e227c285b81dd,"['c1ff9d8e1b8745d6860c34ce26122d79' '9d1e6ca9ae8e4e068fb74631a633b20b'
 '60c9212246f84ae5b6ab254127a39262' '0f8d0c36a4274526a9eddedae5e63881']"
23f381240de778e2bc3a13d23bca3565,['1d7b0deca7674777bf76c163ac065845']
6fb7c08d846b530008af10dd8b7c8d42,['03afe9988f864c9fa501bfbf043f74c0' '4084f614af494fa8ab73095fb5b6b07b']
98234d1b2e4159348f1051c6474a2b92,"['3ce25564af6e47f390a0b16b6f9433a1' '78213664d0eb45d1a9239ba4b85b10f7'
 '1226e4a4077b4b3a970db4d2509b590c']"
4ba35bfc7d338199a00d6fa86d10d864,['b609f1939dae4c7383c7d199bb3c7dc3' 'aeee2f443dfb4e3ea80af6ae1d9197ce']
02b8248f10030d085d6e0e72fc9f5ffc,['8c46d37bc26e4d4dbd37d6ee26867bc6' '1bcaeb58479d42a6963a073c09f3f397']
eed974d4fafa09248a93bc9a1552655a,['58a8fa7f29e347bdb9689b70b065a779']
41a88e683c2c4336782cbca122a2f940,['fae3fe31deb141ab93143ac411f1eaaa' 'd6e6366617e04b0ba6732fd1d2d76429']
686022cda25cae37331de3a24eaa29d3,"['91ae5251eaab4c08afe6cd4cbefcaa6b' 'bbdd53a15e99452a9deff05d1de2d965'
 'd2ed972353af4d1db74702638bfdbb58' '575befc8d64c47eb95af8b1096e02963']"
e8f78bf0df9f13468e0754764912d5e8,['532bf54d5a924ff48aee254970efb914' '0b2b815c9f834aaaac0c341097def9ba']
7d90c325caef35c2373d29a64216f8c5,['b4c4354c8edb40db984942799fe0c8b1']
e82e0a356955e412d05d2f6e3f008e05,['170507a64973429f818067b80506d428' '1505dfebbfb04652b0ba57de1a251d67']
4f7f7ed2398e013f9d0bf49837d024d4,['70f22b1d7336492dbade94b8edefe457']
b0df6b99da3afe11ce76836b5e9fb453,['932e213c57134098a07073febd51dcc2']
21406b0be218246fde2ec92aed83430e,['9593428ad36746ae8af6d8ce639834ef']
941b9d29572fa96c8945389d9636cb68,['1ef0c1c59ce946668ccf1a6a4f5ab7cc' '61f1dc4267314470ac820b6a46c61f7b']
2c0c1b5b31fbfa0999a6ab06a2af3d7e,['d734746e3d6146f780af91827e578dfd' '21ed913271614cbeb1b754cdbbef13af']
b7e2aefb1da5117e881d6cd92f6deeb3,['907ec65076e5494a8631efffb81b3178']
a43621491fb41ae7ca6b2189dafffbca,['4bc7dc91ede345dfb63d7d4f7ac3554f']
f26d03542e20bfca36a56f5e3d9d4849,['424ae71c56024094a02e6fd9bfcfbb04']
6eb3be753407be6c0ad1ad35ae45ff75,['400d10f2ee1d49be9a66efa34dada0e6' 'b8e966b34cba4b11b9995106767212ba']
a89ca09cc448d536f2e5b7650caa569c,"['91deb9f152264e958d106d481ff2e1ee' '586cf02da9494088aed9b3419725638f'
 '229d85a2783e4a2991f17d2ab5750af7' 'b7f97d1909a3433abef8ca8e9334fafa']"
86d586719b44ba38350349cdcb1c9cb0,['b7fdfffc38b94bf7872eabe9b022c8fd']
832e56ae03c59859d3810a92e480461b,['6242e0c237a348908d0256ea790a0211' 'f1f6f6435a444e388d67e16e847afca6']
3d208a63fc0c49a5232b248900979fe4,"['7cc9f26737e1442595e53253e98015ef' '1868fec1493643208dbdcad7bc97dfa0'
 '0af2ca1c090843ea92679fd14c1fbc9a' '1b06d3e53ffd4771952fbef04d1e666c']"
340768e47ec52080f14b9a1b8d72c0ed,['6915637e8d124fdc8473111d501e3703']
5fc5a35b355f33929d63f6a4da76a54d,['2233f31929194eac89333ce8731a5584' 'f33e4e897b1e422bb516e8a2c941d9dc']
703e0e838d2ef3544cf1fe9f1bafcdea,['f0c578614b224345974c3e4c110878af']
c5bbe031af6327c65b96044c98a2653d,['7ffb88ebc729492c897ccfb569d7f6d0' '60dce7d8bc1b4729a038178a400b9a59']
6d919a6bd8e1f81fb0839e1bf950648e,['4cbb4e238c5b4656803fb9b4b6c3512e' '652873bcd6d5432187e5deafc4fc5211']
5e1ea4f69aa3c0aef87c8cfa7a01598f,['652873bcd6d5432187e5deafc4fc5211' '78f9b30c08134ac5abb4f4e0bff0f7f2']
0784994e44ec90c109bfba4168172930,['fac4e1553a9840e990bbfff46e64ff27']
2497d5afd088df4a3081fe517742f705,"['029a55d327ee4fb3a8314b36d52bdf34' '5a636c894c384532bff66212cf9d5824'
 'a9c468ef78704e9aabfc0317a5b1b42d' '5df80c25d33a4d148a14aa614343cc6b']"
59a45bd10b760382a60e524b4ed8e99d,['6a87f06ed55a46f29b24f77e548a3f1d']
c78dd01d6b0659a81d7a421f8e66b69c,['0daf88ac4ec94cbb868e27e956c6d7f1']
a09d1faef621f16a103301800d46a8f6,['9ed120043e6247be9965e4904920991b']
f091b55b0f0ed7cd0a802196c4677959,['6aedd377efbe4f07ae42e546996e7bfa']
334c3ebe03cf82c42af09756374b37b3,['1aa8484562784f378851c33843c89687' 'f1a65d05dd5d456b889217020475ef80']
c2dc1cce7596dd68d266adf381b4660a,['5ca888df9b884e54accdd2ff29d125c1']
d0855f40ad99ed1bf80ae7f0c30afa6f,['8290a6212d6c4430ae0056c7e8eccd5f']
c5ff7aa7d8c153485c3ffe08f2ded51b,['667ee58a79194316ae2b82eadd3fc575' 'b0e3ee2324054c88adacdf80db13278f']
69a8a040ff4b42b2e1d8895085f06383,['28b7457ca5dc4a38a488946a3f8e207e' '389314ca89d445888c8d4985864dd733']
4198df50195e95a191fc901ca82acac4,"['8029a14d15404e6db95ddf5e2bf9fc15' '95d506750fd94e72bbd9cf2d3fe18e28'
 'bf0138ccbcc740089a55fd0c24897360']"
bfc23088565dc19b7bd1ffb0c0db98b7,['87fe1462b9064d5692641ab48e826301']
71eb165d023c6665c29c3653f2522e20,['a55175ac57014df696ca09d0def9604b']
daac9fd3428f7570ba876022e3fa7ea4,"['1766e8858d7b45ed97f71cb5a39e96ea' '6191e014f3f64e46a0777063ed4ac19a'
 '21b0499cf14342269c46170c291d0535']"
e5798863dd93590f5b5637e224eae820,['c1ef05b38b3f4d59888150fc0dd26826']
9c352b3b5cf51f9e81915ed38dffda96,['74cb9b3510e84498b9aee0d904316e8b']
c137c38909dc32507f0020ef49b14132,['043d764b2e1b4d1294651ff938df5391']
cd64fb9f6775da0c44f2ac4c77fc9bbb,['31f2170fef004f3281c533a4a60dc3f3' '57f186c5c2754483ba66750e98222f95']
e936cac803f64546f1bdc2f5534c4329,['4b3fc569d91f4a7aa6501ad4fcf67b7a' 'cbc1667556f84a5eadf867a823e6986c']
de7b7ed1df2bd5a2072691c689d14583,['a876d1ab79864396bc47a039225fd5c7']
e37c75674602107b2c7483f65f7b79f1,['90764eb2cab74cffb1c7d72d28b965cc']
c188e627b8cf464e99a147969b436b77,['01abe16e67c241a887aa62abe22d155c']
36698f420af2c02437bac70962717ce6,['37049be0a2c240c6a06acf9339237b8b']
4630228042c15512e1ed883eb515a81c,['e785c52881704d95bf4ec03d2720f8ae' '654689c65613476b9905d7afb3809cd2']
d3fbba5bbdc8e16420e32df5ff071afd,['427c3b7458f148d8bace1b768e2b5b7c']
f61d4cabff020b216061d777c3acd5d3,['909d28e443fd4e0bac189373125c8309' 'efbc2439e5034801af83ac1a0b440535']
