text_unit_ids,entity_ids,id
4f26e5bc6bd5e9442a1a4d314a03df37,"['b45241d70f0e43fca764df95b2b81f77' '4119fd06010c494caa07f439b333f4c5'
 'd3835bf3dda84ead99deadbeac5d0d7d' '077d2820ae1845bcbb1803379a3d1eae']",4f26e5bc6bd5e9442a1a4d314a03df37
715db73f84b8a5a9940736074cb66002,"['b45241d70f0e43fca764df95b2b81f77' '4119fd06010c494caa07f439b333f4c5'
 'd3835bf3dda84ead99deadbeac5d0d7d' '077d2820ae1845bcbb1803379a3d1eae'
 '6ea81acaf232485e94fff638e03336e1' 'd203efdbfb2f4b2a899abfb31cf72e82']",715db73f84b8a5a9940736074cb66002
74b9e62910bd230078c62bb08f4f4539,"['b45241d70f0e43fca764df95b2b81f77' '4119fd06010c494caa07f439b333f4c5'
 'd3835bf3dda84ead99deadbeac5d0d7d' '077d2820ae1845bcbb1803379a3d1eae']",74b9e62910bd230078c62bb08f4f4539
a1838f9de5474cd63c332cdc1b221da5,"['b45241d70f0e43fca764df95b2b81f77' '4119fd06010c494caa07f439b333f4c5'
 'd3835bf3dda84ead99deadbeac5d0d7d' '077d2820ae1845bcbb1803379a3d1eae'
 '6ea81acaf232485e94fff638e03336e1' '378fc7636eeb4aabbfd40995a6960c64'
 '7ffa3a064bce468082739c5a164df5a3']",a1838f9de5474cd63c332cdc1b221da5
b31989d3d895ae57672b9996ec1ee43f,"['b45241d70f0e43fca764df95b2b81f77' '4119fd06010c494caa07f439b333f4c5'
 'd3835bf3dda84ead99deadbeac5d0d7d' '077d2820ae1845bcbb1803379a3d1eae'
 '0111777c4e9e4260ab2e5ddea7cbcf58' '785f7f32471c439e89601ab81c828d1d']",b31989d3d895ae57672b9996ec1ee43f
bb3cb72da8330639bfff06929672c3e3,"['b45241d70f0e43fca764df95b2b81f77' '4119fd06010c494caa07f439b333f4c5'
 'd3835bf3dda84ead99deadbeac5d0d7d' '077d2820ae1845bcbb1803379a3d1eae'
 '1f1545308e9347af91fd03b94aadc21f' '6ea81acaf232485e94fff638e03336e1']",bb3cb72da8330639bfff06929672c3e3
c529191df0e8772450857333daea1000,"['b45241d70f0e43fca764df95b2b81f77' '4119fd06010c494caa07f439b333f4c5'
 'd3835bf3dda84ead99deadbeac5d0d7d' '077d2820ae1845bcbb1803379a3d1eae']",c529191df0e8772450857333daea1000
c5d0eac05f45e3d69f8a70fee50bae95,"['b45241d70f0e43fca764df95b2b81f77' '4119fd06010c494caa07f439b333f4c5'
 'd3835bf3dda84ead99deadbeac5d0d7d' '077d2820ae1845bcbb1803379a3d1eae'
 '1f1545308e9347af91fd03b94aadc21f' '6ea81acaf232485e94fff638e03336e1']",c5d0eac05f45e3d69f8a70fee50bae95
018ee9a00bbc1f766288a1d00e47abd2,"['4119fd06010c494caa07f439b333f4c5' 'd3835bf3dda84ead99deadbeac5d0d7d'
 '077d2820ae1845bcbb1803379a3d1eae' 'bb0cff774a4440b289cc6f3b929fe13c'
 'ce55841ebfdd47008bab8c258f10372e' '6090e736374d45fd84f0e4610a314f8f']",018ee9a00bbc1f766288a1d00e47abd2
02b8248f10030d085d6e0e72fc9f5ffc,"['4119fd06010c494caa07f439b333f4c5' 'd3835bf3dda84ead99deadbeac5d0d7d'
 '077d2820ae1845bcbb1803379a3d1eae' '3d0dcbc8971b415ea18065edc4d8c8ef'
 '60c58026b2764b40adffca6eaa31d6d9' '09f18f81442d4d6d93a90f0fac683f9b'
 'e02be3e37ca0454883a4c1fd859c24bb']",02b8248f10030d085d6e0e72fc9f5ffc
03a78e6d89d1dfd1f291689da2203e0d,"['4119fd06010c494caa07f439b333f4c5' 'd3835bf3dda84ead99deadbeac5d0d7d'
 '077d2820ae1845bcbb1803379a3d1eae' 'cec95bf17e7e4c939b56c9c6f402a29f'
 '7923d8521c744bd9aab131c1aea91ffd' '5bd156c87ec44e19ae6f8f62e6e50b9d']",03a78e6d89d1dfd1f291689da2203e0d
046b9075b99ef77e1f8fa7d1156334bc,"['4119fd06010c494caa07f439b333f4c5' 'd3835bf3dda84ead99deadbeac5d0d7d'
 '077d2820ae1845bcbb1803379a3d1eae' '7f65feab75424b53b24470d305ba331a'
 'fd9cb733b28d420cb5cef01e545a132c' '0fbcca3f17c649a08aea64b5a7d9ef36']",046b9075b99ef77e1f8fa7d1156334bc
04d47b645a730d691ba9cc245f58bc13,"['4119fd06010c494caa07f439b333f4c5' 'd3835bf3dda84ead99deadbeac5d0d7d'
 '077d2820ae1845bcbb1803379a3d1eae' '8870cf2b5df64d2cab5820f67e29b9f1'
 'cd130938a2844050be991af70baf5ee0' '43544b99c3b04b059546198a0ae6366d']",04d47b645a730d691ba9cc245f58bc13
06339417dd129043f8102316e372f97b,"['4119fd06010c494caa07f439b333f4c5' 'd3835bf3dda84ead99deadbeac5d0d7d'
 '077d2820ae1845bcbb1803379a3d1eae' '1943f245ee4243bdbfbd2fd619ae824a'
 '36084a9fab53433493f079e97e68bf65' 'eebcc7ec8e3e4df7aea83659bbdc2199']",06339417dd129043f8102316e372f97b
0784994e44ec90c109bfba4168172930,"['4119fd06010c494caa07f439b333f4c5' 'd3835bf3dda84ead99deadbeac5d0d7d'
 '077d2820ae1845bcbb1803379a3d1eae' '2f05fcce857e4a499ca4e89a3cefbcb3'
 'b3aeb7ae009a4f52ae3ae4586e32fe11']",0784994e44ec90c109bfba4168172930
0974e3980ac7fd39ff8d5b5b4ec931be,"['4119fd06010c494caa07f439b333f4c5' 'd3835bf3dda84ead99deadbeac5d0d7d'
 '077d2820ae1845bcbb1803379a3d1eae' 'e69dc259edb944ea9ea41264b9fcfe59'
 '4b8aa4587c7344adac2cbfa69d5e40fa' '52701d941dfb45359693baae8f267056']",0974e3980ac7fd39ff8d5b5b4ec931be
0a3f862605cf8a485d799d0d07169d94,"['4119fd06010c494caa07f439b333f4c5' 'd3835bf3dda84ead99deadbeac5d0d7d'
 '077d2820ae1845bcbb1803379a3d1eae' '5c7ef01f46a94641bf1ae5cd25f8a538'
 '289616058bf4495887292003b27ba216']",0a3f862605cf8a485d799d0d07169d94
0a7547de4c019d0e5653423bf13ffca3,"['4119fd06010c494caa07f439b333f4c5' 'd3835bf3dda84ead99deadbeac5d0d7d'
 '077d2820ae1845bcbb1803379a3d1eae' '225105a7be14447cb03186bd40756059']",0a7547de4c019d0e5653423bf13ffca3
0aa243942da652d5a1747247f52dea02,"['4119fd06010c494caa07f439b333f4c5' 'd3835bf3dda84ead99deadbeac5d0d7d'
 '077d2820ae1845bcbb1803379a3d1eae' '1c109cfdc370463eb6d537e5b7b382fb'
 '482027a59f32484c9c44fd700615c1b6' 'de837ff3d626451282ff6ac77a82216d']",0aa243942da652d5a1747247f52dea02
0ab08c26efb0fb1e1fab5824767e0c19,"['4119fd06010c494caa07f439b333f4c5' 'd3835bf3dda84ead99deadbeac5d0d7d'
 '077d2820ae1845bcbb1803379a3d1eae' '8d141c0b80f74b79a05eed7fe161fe49'
 'ad1595a78935472999444c9330e7730e' '735d19aea0744b2295556841c5c4c3fd']",0ab08c26efb0fb1e1fab5824767e0c19
0b00a136b0de2902f5aa0ca66863707e,"['4119fd06010c494caa07f439b333f4c5' 'd3835bf3dda84ead99deadbeac5d0d7d'
 '077d2820ae1845bcbb1803379a3d1eae' '1ca41537c47c4752a17a44d1d7086d96'
 '92646910ee624bd7909fac2b5c0232e3' '05913bee89a94bca88449249e35ba74d'
 '57b8930790c34dcba4a32c6be703ed78']",0b00a136b0de2902f5aa0ca66863707e
0f9a5da33adb698ee3345a722dd6dbd4,"['4119fd06010c494caa07f439b333f4c5' 'd3835bf3dda84ead99deadbeac5d0d7d'
 '077d2820ae1845bcbb1803379a3d1eae' 'e69dc259edb944ea9ea41264b9fcfe59'
 '5c13c7d61e6c4bfe839f21e7ad3530a7']",0f9a5da33adb698ee3345a722dd6dbd4
105b57c88dc624c85578b6500db3200e,"['4119fd06010c494caa07f439b333f4c5' 'd3835bf3dda84ead99deadbeac5d0d7d'
 '077d2820ae1845bcbb1803379a3d1eae' '3d6b216c14354332b1bf1927ba168986'
 '18b839da898e4026b81727d759d95c6a' '0f70db1e598d463fbbcdd1e288bd9490']",105b57c88dc624c85578b6500db3200e
106e9295bcfedcccf6687dc20ed91e0c,"['4119fd06010c494caa07f439b333f4c5' 'd3835bf3dda84ead99deadbeac5d0d7d'
 '077d2820ae1845bcbb1803379a3d1eae' '3d6b216c14354332b1bf1927ba168986'
 '1c109cfdc370463eb6d537e5b7b382fb' '1eb829d0ace042089f0746f78729696c'
 '015e7b58d1a14b44beab3bbc9f912c18']",106e9295bcfedcccf6687dc20ed91e0c
13bd16bd84d1d944ba4eda1cd1f97d81,"['4119fd06010c494caa07f439b333f4c5' 'd3835bf3dda84ead99deadbeac5d0d7d'
 '077d2820ae1845bcbb1803379a3d1eae' '3d0dcbc8971b415ea18065edc4d8c8ef'
 '68105770b523412388424d984e711917' '32ee140946e5461f9275db664dc541a5'
 'c160b9cb27d6408ba6ab20214a2f3f81' '23527cd679ff4d5a988d52e7cd056078']",13bd16bd84d1d944ba4eda1cd1f97d81
13c46de65b7e974b827b668b96bc054b,"['4119fd06010c494caa07f439b333f4c5' 'd3835bf3dda84ead99deadbeac5d0d7d'
 '077d2820ae1845bcbb1803379a3d1eae' 'e7ffaee9d31d4d3c96e04f911d0a8f9e'
 'cbf232211e7d4eb6abdbe182f71c2cf0' '0ec262c2cfef4dd581f3655e5e496e31'
 '100c2fccd7f74d9281707082f062ba72']",13c46de65b7e974b827b668b96bc054b
1550b931aff3210da4e57eb07e7afd48,"['4119fd06010c494caa07f439b333f4c5' 'd3835bf3dda84ead99deadbeac5d0d7d'
 '077d2820ae1845bcbb1803379a3d1eae' 'dddb831546354e088d29aebd154e3a31']",1550b931aff3210da4e57eb07e7afd48
1681ce4c90277fedf623f927c8f40b87,"['4119fd06010c494caa07f439b333f4c5' 'd3835bf3dda84ead99deadbeac5d0d7d'
 '077d2820ae1845bcbb1803379a3d1eae' 'a671bf7fea2f4514b6e96ba99127fafd']",1681ce4c90277fedf623f927c8f40b87
17dff7d79189b2b01e7c3aa61ba924d9,"['4119fd06010c494caa07f439b333f4c5' 'd3835bf3dda84ead99deadbeac5d0d7d'
 '077d2820ae1845bcbb1803379a3d1eae' '3d6b216c14354332b1bf1927ba168986'
 'd4602d4a27b34358baa86814a3836d68']",17dff7d79189b2b01e7c3aa61ba924d9
1850b7ad817b6b8ce6eb45d7acd606ff,"['4119fd06010c494caa07f439b333f4c5' 'd3835bf3dda84ead99deadbeac5d0d7d'
 '077d2820ae1845bcbb1803379a3d1eae' 'b999ed77e19e4f85b7f1ae79af5c002a'
 'cbf232211e7d4eb6abdbe182f71c2cf0' 'c12b9ebd8b4e42b7896822a32e3fa6eb'
 '27505f6ade4b4e5f9316ffe9c34821f7']",1850b7ad817b6b8ce6eb45d7acd606ff
19481b31bad12e8d64f13ffe10364cda,"['4119fd06010c494caa07f439b333f4c5' 'd3835bf3dda84ead99deadbeac5d0d7d'
 '077d2820ae1845bcbb1803379a3d1eae' 'bef16fb5fd7344cca5e295b13ef3e0cd'
 'b07a7f088364459098cd8511ff27a4c8' '9a6f414210e14841a5b0e661aedc898d'
 'db541b7260974db8bac94e953009f60e' 'f2ff8044718648e18acef16dd9a65436'
 '00d785e7d76b47ec81b508e768d40584']",19481b31bad12e8d64f13ffe10364cda
1a03dc612a3f20b5016da81e642dffc1,"['4119fd06010c494caa07f439b333f4c5' 'd3835bf3dda84ead99deadbeac5d0d7d'
 '077d2820ae1845bcbb1803379a3d1eae' 'b999ed77e19e4f85b7f1ae79af5c002a'
 '48c0c4d72da74ff5bb926fa0c856d1a7' '4f3c97517f794ebfb49c4c6315f9cf23']",1a03dc612a3f20b5016da81e642dffc1
1c2d8c652837fae12d7e1016a093614f,"['4119fd06010c494caa07f439b333f4c5' 'd3835bf3dda84ead99deadbeac5d0d7d'
 '077d2820ae1845bcbb1803379a3d1eae' 'd54956b79dd147f894b67a8b97dcbef0'
 '80020a1da63042459e00266b2a605452' '31a7e680c4d54101afe4c8d52d246913']",1c2d8c652837fae12d7e1016a093614f
1c852b336f353f87f2751110f2cdc004,"['4119fd06010c494caa07f439b333f4c5' 'd3835bf3dda84ead99deadbeac5d0d7d'
 '077d2820ae1845bcbb1803379a3d1eae' 'b999ed77e19e4f85b7f1ae79af5c002a']",1c852b336f353f87f2751110f2cdc004
1d9d7ab8e8e26dabca265f83b6c769f4,"['4119fd06010c494caa07f439b333f4c5' 'd3835bf3dda84ead99deadbeac5d0d7d'
 '077d2820ae1845bcbb1803379a3d1eae' '071a416efbec4f0886c19ac68f6d43cb'
 '82b0446e7c9d4fc793f7b97f890e9049' 'd9ef017549724f4fbc4ff4ba6701dac0'
 '3d175ad1f0014cd4871eff4e86db9f88' 'c8e706fbdc90420d952deed03c4f04b4']",1d9d7ab8e8e26dabca265f83b6c769f4
1dffee3b908bcf0751d4b6877aca42ea,"['4119fd06010c494caa07f439b333f4c5' 'd3835bf3dda84ead99deadbeac5d0d7d'
 '077d2820ae1845bcbb1803379a3d1eae' '3c063eea52e94164b70c99431ea30bae'
 '252cc8452bfc4c2aa58cab68d8b61879' '7e2c84548fb94ee395ba8588d8f2a006']",1dffee3b908bcf0751d4b6877aca42ea
2045a423d7ec0e6b18300c4009b51f97,"['4119fd06010c494caa07f439b333f4c5' 'd3835bf3dda84ead99deadbeac5d0d7d'
 '077d2820ae1845bcbb1803379a3d1eae' '1943f245ee4243bdbfbd2fd619ae824a'
 '17ed1d92075643579a712cc6c29e8ddb' '3ce7c210a21b4deebad7cc9308148d86'
 'd64ed762ea924caa95c8d06f072a9a96']",2045a423d7ec0e6b18300c4009b51f97
20db9c0dd62cade55b075611582ceb52,"['4119fd06010c494caa07f439b333f4c5' 'd3835bf3dda84ead99deadbeac5d0d7d'
 '077d2820ae1845bcbb1803379a3d1eae' 'fbeef791d19b413a9c93c6608286ab63'
 'd2b629c0396f4180a03e16ddf3818589']",20db9c0dd62cade55b075611582ceb52
211397562072e865dcde9c2fafb534b5,"['4119fd06010c494caa07f439b333f4c5' 'd3835bf3dda84ead99deadbeac5d0d7d'
 '077d2820ae1845bcbb1803379a3d1eae' 'e7ffaee9d31d4d3c96e04f911d0a8f9e'
 '2670deebfa3f4d69bb82c28ab250a209' '404309e89a5241d6bff42c05a45df206']",211397562072e865dcde9c2fafb534b5
21406b0be218246fde2ec92aed83430e,"['4119fd06010c494caa07f439b333f4c5' 'd3835bf3dda84ead99deadbeac5d0d7d'
 '077d2820ae1845bcbb1803379a3d1eae' '3d0dcbc8971b415ea18065edc4d8c8ef'
 '3e1b063bbfa9423d84e50311296d2f3c' '9a8ce816ee954bdabd01ea2081538009']",21406b0be218246fde2ec92aed83430e
2225399269f5b8d8b66b99cf4000276e,"['4119fd06010c494caa07f439b333f4c5' 'd3835bf3dda84ead99deadbeac5d0d7d'
 '077d2820ae1845bcbb1803379a3d1eae' '1745a2485a9443bab76587ad650e9be0'
 '32e6ccab20d94029811127dbbe424c64' '94a964c6992945ebb3833dfdfdc8d655']",2225399269f5b8d8b66b99cf4000276e
23688e9dc337373f3b1a22dde4d91f6c,"['4119fd06010c494caa07f439b333f4c5' 'd3835bf3dda84ead99deadbeac5d0d7d'
 '077d2820ae1845bcbb1803379a3d1eae' '68105770b523412388424d984e711917'
 '85c79fd84f5e4f918471c386852204c5' '0467928aa65e4a4fba62bdb1467e3a54'
 'd136b08d586d488f9e4188b524c85a29']",23688e9dc337373f3b1a22dde4d91f6c
23f381240de778e2bc3a13d23bca3565,"['4119fd06010c494caa07f439b333f4c5' 'd3835bf3dda84ead99deadbeac5d0d7d'
 '077d2820ae1845bcbb1803379a3d1eae' 'f1c6eed066f24cbdb376b910fce29ed4'
 'b1f6164116d44fe8b8f135d7f65b9e58' 'c8b2408617804483b620e1a6691ac90d'
 'a5e0d1644eb547ba9a5c3211aac4631a' '5a28b94bc63b44edb30c54748fd14f15']",23f381240de778e2bc3a13d23bca3565
2497d5afd088df4a3081fe517742f705,"['4119fd06010c494caa07f439b333f4c5' 'd3835bf3dda84ead99deadbeac5d0d7d'
 '077d2820ae1845bcbb1803379a3d1eae' '9c980dfe3cab44b7a83408405edab0b6'
 'f23484b1b45d44c3b7847e1906dddd37' '929f30875e1744b49e7b416eaf5a790c'
 '4920fda031804ce8a1073ace8e061ed6']",2497d5afd088df4a3081fe517742f705
264f25220ba4af0a533536c5f131719d,"['4119fd06010c494caa07f439b333f4c5' 'd3835bf3dda84ead99deadbeac5d0d7d'
 '077d2820ae1845bcbb1803379a3d1eae' '3d6b216c14354332b1bf1927ba168986'
 '1c109cfdc370463eb6d537e5b7b382fb' '1eb829d0ace042089f0746f78729696c'
 '015e7b58d1a14b44beab3bbc9f912c18']",264f25220ba4af0a533536c5f131719d
2701318aa6b7a9afac87cdf7f06be4fa,"['4119fd06010c494caa07f439b333f4c5' 'd3835bf3dda84ead99deadbeac5d0d7d'
 '077d2820ae1845bcbb1803379a3d1eae' '1943f245ee4243bdbfbd2fd619ae824a'
 'eebcc7ec8e3e4df7aea83659bbdc2199' 'ceadf262ef834e9ab146b20650912cae']",2701318aa6b7a9afac87cdf7f06be4fa
2790bae7f2c75a57fb2b3355a842e5a4,"['4119fd06010c494caa07f439b333f4c5' 'd3835bf3dda84ead99deadbeac5d0d7d'
 '077d2820ae1845bcbb1803379a3d1eae' 'e2bf260115514fb3b252fd879fb3e7be'
 'b462b94ce47a4b8c8fffa33f7242acec']",2790bae7f2c75a57fb2b3355a842e5a4
2839fbc9d019e6693439329e5fdfb5a2,"['4119fd06010c494caa07f439b333f4c5' 'd3835bf3dda84ead99deadbeac5d0d7d'
 '077d2820ae1845bcbb1803379a3d1eae' '599164aead034bc19446efacc77554d2'
 'bbf148ae4d48422f8fdef754cfa2b9e4' '7282c73622b8408e97289d959faff483'
 '3deb220d31f74103aa44870a36a63220' 'af7a1584dd15492cb9a4940e285f57fc']",2839fbc9d019e6693439329e5fdfb5a2
28607f3235a38d9f1e6ce31678cbec08,"['4119fd06010c494caa07f439b333f4c5' 'd3835bf3dda84ead99deadbeac5d0d7d'
 '077d2820ae1845bcbb1803379a3d1eae' '3d6b216c14354332b1bf1927ba168986'
 '1c109cfdc370463eb6d537e5b7b382fb' '3d0dcbc8971b415ea18065edc4d8c8ef']",28607f3235a38d9f1e6ce31678cbec08
2a0869932b49c7c5e8ab1b42c3efbd2e,"['4119fd06010c494caa07f439b333f4c5' 'd3835bf3dda84ead99deadbeac5d0d7d'
 '077d2820ae1845bcbb1803379a3d1eae' '9d282b2250f7408888504f1f93c202a8']",2a0869932b49c7c5e8ab1b42c3efbd2e
2a3102391bafcd28c7dd42549ccf48cf,"['4119fd06010c494caa07f439b333f4c5' 'd3835bf3dda84ead99deadbeac5d0d7d'
 '077d2820ae1845bcbb1803379a3d1eae' 'b999ed77e19e4f85b7f1ae79af5c002a'
 'cec95bf17e7e4c939b56c9c6f402a29f' 'd005bf75c31d4848ad7041f39651e59c'
 'a2201b8753ba4847ab0b22054e27d2c0' '5d97ff82691c4482973d73d1860e4757'
 '2567445079794d1e84f17abc48776002']",2a3102391bafcd28c7dd42549ccf48cf
2c0c1b5b31fbfa0999a6ab06a2af3d7e,"['4119fd06010c494caa07f439b333f4c5' 'd3835bf3dda84ead99deadbeac5d0d7d'
 '077d2820ae1845bcbb1803379a3d1eae' '3d0dcbc8971b415ea18065edc4d8c8ef'
 '0ee7db2c6bea4630ba9f0c25e8a967ad' '82b0446e7c9d4fc793f7b97f890e9049'
 '44c65dda6fb7472dae36f6eea720ab47']",2c0c1b5b31fbfa0999a6ab06a2af3d7e
2cec5dfa5a6f09a5b21afeb496e812b9,"['4119fd06010c494caa07f439b333f4c5' 'd3835bf3dda84ead99deadbeac5d0d7d'
 '077d2820ae1845bcbb1803379a3d1eae' '1943f245ee4243bdbfbd2fd619ae824a']",2cec5dfa5a6f09a5b21afeb496e812b9
2dce2f2cbf044821729ff6883c3351ab,"['4119fd06010c494caa07f439b333f4c5' 'd3835bf3dda84ead99deadbeac5d0d7d'
 '077d2820ae1845bcbb1803379a3d1eae' 'e69dc259edb944ea9ea41264b9fcfe59'
 '5d1b038ce8be4533b54dd79d6496de9b']",2dce2f2cbf044821729ff6883c3351ab
2f1a4c16f74e9a4a92dda5e3341ef376,"['4119fd06010c494caa07f439b333f4c5' 'd3835bf3dda84ead99deadbeac5d0d7d'
 '077d2820ae1845bcbb1803379a3d1eae' 'ce36d1d637cf4a4e93f5e37ffbc6bd76']",2f1a4c16f74e9a4a92dda5e3341ef376
32dd9f1e052bb8720a07b05aa6fb5e27,"['4119fd06010c494caa07f439b333f4c5' 'd3835bf3dda84ead99deadbeac5d0d7d'
 '077d2820ae1845bcbb1803379a3d1eae' '26f88ab3e2e04c33a459ad6270ade565'
 'babe97e1d9784cffa1c85abc1e588126']",32dd9f1e052bb8720a07b05aa6fb5e27
334c3ebe03cf82c42af09756374b37b3,"['4119fd06010c494caa07f439b333f4c5' 'd3835bf3dda84ead99deadbeac5d0d7d'
 '077d2820ae1845bcbb1803379a3d1eae' 'e19287afe00a431f9a593a4827d1b448'
 'a542fd7aed7341468028928937ea2983' '1c5e296a5ac541c1b5cac4357537c22d']",334c3ebe03cf82c42af09756374b37b3
3367d1af79b215e1e3bbeda05ec12266,"['4119fd06010c494caa07f439b333f4c5' 'd3835bf3dda84ead99deadbeac5d0d7d'
 '077d2820ae1845bcbb1803379a3d1eae' '1943f245ee4243bdbfbd2fd619ae824a'
 '98fc2ee593184c5a839454db4eec7013' 'ed559fb4ebde45518849ec803b350fa3']",3367d1af79b215e1e3bbeda05ec12266
3389efd680d43d6b195bdec5625f5852,"['4119fd06010c494caa07f439b333f4c5' 'd3835bf3dda84ead99deadbeac5d0d7d'
 '077d2820ae1845bcbb1803379a3d1eae' '1c109cfdc370463eb6d537e5b7b382fb'
 '5f1fc373a8f34050a5f7dbd8ac852c1b' '0c010fa3aeac4b28b2fbb8c2339c2521']",3389efd680d43d6b195bdec5625f5852
340768e47ec52080f14b9a1b8d72c0ed,"['4119fd06010c494caa07f439b333f4c5' 'd3835bf3dda84ead99deadbeac5d0d7d'
 '077d2820ae1845bcbb1803379a3d1eae' '68105770b523412388424d984e711917'
 '85c79fd84f5e4f918471c386852204c5' '5b9fa6a959294dc29c8420b2d7d3096f'
 'b84d71ed9c3b45819eb3205fd28e13a0']",340768e47ec52080f14b9a1b8d72c0ed
36698f420af2c02437bac70962717ce6,"['4119fd06010c494caa07f439b333f4c5' 'd3835bf3dda84ead99deadbeac5d0d7d'
 '077d2820ae1845bcbb1803379a3d1eae' 'd6d2b5862ddc4c4d87deee3423506817'
 '47d588d26e2b4cccb68fe2af4c147c8f']",36698f420af2c02437bac70962717ce6
3b5e93df489c871dbffe7402a098ed3d,"['4119fd06010c494caa07f439b333f4c5' 'd3835bf3dda84ead99deadbeac5d0d7d'
 '077d2820ae1845bcbb1803379a3d1eae' 'de6fa24480894518ab3cbcb66f739266']",3b5e93df489c871dbffe7402a098ed3d
3d208a63fc0c49a5232b248900979fe4,"['4119fd06010c494caa07f439b333f4c5' 'd3835bf3dda84ead99deadbeac5d0d7d'
 '077d2820ae1845bcbb1803379a3d1eae' '8169efeea3ce473d9fd2f1c688126a1c'
 'c885166d0c454a748376b56279f96408' 'a2201b8753ba4847ab0b22054e27d2c0'
 '89b2003e97804961805ea1886d078ebd' '6dd7f5f6b4544271a97f6a136f82fc3d'
 'eb01db8435554f2cbafe39a50f62f20a']",3d208a63fc0c49a5232b248900979fe4
40e1a39840a87dc78c85d45877938e4f,"['4119fd06010c494caa07f439b333f4c5' 'd3835bf3dda84ead99deadbeac5d0d7d'
 '077d2820ae1845bcbb1803379a3d1eae' 'de6fa24480894518ab3cbcb66f739266'
 'b999ed77e19e4f85b7f1ae79af5c002a' 'd9ef017549724f4fbc4ff4ba6701dac0']",40e1a39840a87dc78c85d45877938e4f
4102370503cd9bf6c2f6d53fc36975c2,"['4119fd06010c494caa07f439b333f4c5' 'd3835bf3dda84ead99deadbeac5d0d7d'
 '077d2820ae1845bcbb1803379a3d1eae' '3d6b216c14354332b1bf1927ba168986'
 '8d141c0b80f74b79a05eed7fe161fe49' 'bef16fb5fd7344cca5e295b13ef3e0cd'
 'cdc8901e668749889bd49bebdc4ff1f6']",4102370503cd9bf6c2f6d53fc36975c2
413508076503ffc1791365f31de7f406,"['4119fd06010c494caa07f439b333f4c5' 'd3835bf3dda84ead99deadbeac5d0d7d'
 '077d2820ae1845bcbb1803379a3d1eae' '4a67211867e5464ba45126315a122a8a'
 '04dbbb2283b845baaeac0eaf0c34c9da']",413508076503ffc1791365f31de7f406
4198df50195e95a191fc901ca82acac4,"['4119fd06010c494caa07f439b333f4c5' 'd3835bf3dda84ead99deadbeac5d0d7d'
 '077d2820ae1845bcbb1803379a3d1eae' 'e2ec7d3cdbeb4dd086ae6eb399332363'
 'fd139ac75b0e4777ab67b7423eaaa37f' '32f6f11a7845416b8c6eb9fb0b382140'
 '91407be8c3e54e23918d3a7183d962db']",4198df50195e95a191fc901ca82acac4
41a88e683c2c4336782cbca122a2f940,"['4119fd06010c494caa07f439b333f4c5' 'd3835bf3dda84ead99deadbeac5d0d7d'
 '077d2820ae1845bcbb1803379a3d1eae' '3d0dcbc8971b415ea18065edc4d8c8ef'
 'ad1595a78935472999444c9330e7730e' 'db8c43fa4df947b09e5754d3b1393ead'
 'adffed660d154b519c1817e514e83096']",41a88e683c2c4336782cbca122a2f940
41d33265517367967d10564cbf8fe7d4,"['4119fd06010c494caa07f439b333f4c5' 'd3835bf3dda84ead99deadbeac5d0d7d'
 '077d2820ae1845bcbb1803379a3d1eae' 'd64ed762ea924caa95c8d06f072a9a96'
 '668cf1fdfd644d39acc6350b86117ea2' '33b9e826af3f43838c07c847b6349497'
 'dbe9063124d047dc8d6fcaeadcda038f']",41d33265517367967d10564cbf8fe7d4
43589fe9a00b5cd521a6f3d5ea3e87ac,"['4119fd06010c494caa07f439b333f4c5' 'd3835bf3dda84ead99deadbeac5d0d7d'
 '077d2820ae1845bcbb1803379a3d1eae' 'ea2b28ca1a974ffab4517811dc1d1e5c'
 'aff21f1da1654e7babdcf3fb0e4a75fc']",43589fe9a00b5cd521a6f3d5ea3e87ac
45a47bb0690d91ed05f85dad1776bc56,"['4119fd06010c494caa07f439b333f4c5' 'd3835bf3dda84ead99deadbeac5d0d7d'
 '077d2820ae1845bcbb1803379a3d1eae' '1fd3fa8bb5a2408790042ab9573779ee'
 '27f9fbe6ad8c4a8b9acee0d3596ed57c' 'e1fd0e904a53409aada44442f23a51cb']",45a47bb0690d91ed05f85dad1776bc56
4630228042c15512e1ed883eb515a81c,"['4119fd06010c494caa07f439b333f4c5' 'd3835bf3dda84ead99deadbeac5d0d7d'
 '077d2820ae1845bcbb1803379a3d1eae' '989add81cf874018a569239b68d17ff2'
 'd562223c17d948bf98e34b4d97dde932' 'cde2d75c51d245879265b79d14b8699b'
 '44594467054849d4a1fadb46ddd51641']",4630228042c15512e1ed883eb515a81c
4747961b7d704e7afe64e6d22c7d010d,"['4119fd06010c494caa07f439b333f4c5' 'd3835bf3dda84ead99deadbeac5d0d7d'
 '077d2820ae1845bcbb1803379a3d1eae' '148fffeb994541b2b4b6dcefda7001a8'
 'c063484895794a0eaae1b0ff070ad4c9' 'e8868920e21b4431aad16e86db977ecb'
 'aea3378bfff842e5b3f4b7a4b55b3879']",4747961b7d704e7afe64e6d22c7d010d
4889b8e64628e3aa5708b9fe22f95fc0,"['4119fd06010c494caa07f439b333f4c5' 'd3835bf3dda84ead99deadbeac5d0d7d'
 '077d2820ae1845bcbb1803379a3d1eae' '1943f245ee4243bdbfbd2fd619ae824a'
 '3d0dcbc8971b415ea18065edc4d8c8ef' '989add81cf874018a569239b68d17ff2'
 'fd7d94fbab084bc380480abeef6bfade' 'cfb915c95caf41c6a25e99a9f37f03a2']",4889b8e64628e3aa5708b9fe22f95fc0
4aa2f720394e12efb67e7221a8c3e845,"['4119fd06010c494caa07f439b333f4c5' 'd3835bf3dda84ead99deadbeac5d0d7d'
 '077d2820ae1845bcbb1803379a3d1eae' 'de6fa24480894518ab3cbcb66f739266'
 'b785a9025069417f94950ad231bb1441' '3b6cd96a27304614850709aba1c9598b']",4aa2f720394e12efb67e7221a8c3e845
4b03f045ca7c1bdd67310c061680f0c5,"['4119fd06010c494caa07f439b333f4c5' 'd3835bf3dda84ead99deadbeac5d0d7d'
 '077d2820ae1845bcbb1803379a3d1eae' '07b2425216bd4f0aa4e079827cb48ef5'
 '7f65feab75424b53b24470d305ba331a' '6d8473ef3b1042bf87178a611e3dbcc6']",4b03f045ca7c1bdd67310c061680f0c5
4ba35bfc7d338199a00d6fa86d10d864,"['4119fd06010c494caa07f439b333f4c5' 'd3835bf3dda84ead99deadbeac5d0d7d'
 '077d2820ae1845bcbb1803379a3d1eae' '68e0c60d2e8845d89d9d0ad397833648'
 '101572f552b54e529fe7765c05168981' '60c58026b2764b40adffca6eaa31d6d9']",4ba35bfc7d338199a00d6fa86d10d864
4cb16c8995629cafeed255165bc44360,"['4119fd06010c494caa07f439b333f4c5' 'd3835bf3dda84ead99deadbeac5d0d7d'
 '077d2820ae1845bcbb1803379a3d1eae' '148fffeb994541b2b4b6dcefda7001a8'
 'd405c3154d0e48ce96fad4c28fe20590']",4cb16c8995629cafeed255165bc44360
4d2ebd8c6586f7d4baac358d36590a84,"['4119fd06010c494caa07f439b333f4c5' 'd3835bf3dda84ead99deadbeac5d0d7d'
 '077d2820ae1845bcbb1803379a3d1eae' '35489ca6a63b47d6a8913cf333818bc1']",4d2ebd8c6586f7d4baac358d36590a84
4f2192a3cefeb2e045757f4c98cb538e,"['4119fd06010c494caa07f439b333f4c5' 'd3835bf3dda84ead99deadbeac5d0d7d'
 '077d2820ae1845bcbb1803379a3d1eae' '3d0dcbc8971b415ea18065edc4d8c8ef'
 '91ff849d12b24574b0691dbddf44968b' '6e8d9029ce4e4ea182367173ab2c7bbf']",4f2192a3cefeb2e045757f4c98cb538e
4f335fde2d28f448a0915ffcfef01855,"['4119fd06010c494caa07f439b333f4c5' 'd3835bf3dda84ead99deadbeac5d0d7d'
 '077d2820ae1845bcbb1803379a3d1eae' 'e22d1d1cd8d14f12b81828d940f40d70'
 '2fb66f9a0de6406d83b61742a3b52cd6' 'b0e6cfd979ea48b997019b059999d3c2']",4f335fde2d28f448a0915ffcfef01855
4f7f7ed2398e013f9d0bf49837d024d4,"['4119fd06010c494caa07f439b333f4c5' 'd3835bf3dda84ead99deadbeac5d0d7d'
 '077d2820ae1845bcbb1803379a3d1eae' 'c1a146d7fb16429ea6d0aa2a55ee597f'
 'ede9350632084da5b0b577ff799ab14b']",4f7f7ed2398e013f9d0bf49837d024d4
51902b4fc9b9c277ce9e76d7bb490488,"['4119fd06010c494caa07f439b333f4c5' 'd3835bf3dda84ead99deadbeac5d0d7d'
 '077d2820ae1845bcbb1803379a3d1eae' '1c109cfdc370463eb6d537e5b7b382fb'
 'e22d1d1cd8d14f12b81828d940f40d70']",51902b4fc9b9c277ce9e76d7bb490488
51ca6c1076833d3aeced45611f974418,"['4119fd06010c494caa07f439b333f4c5' 'd3835bf3dda84ead99deadbeac5d0d7d'
 '077d2820ae1845bcbb1803379a3d1eae' 'b999ed77e19e4f85b7f1ae79af5c002a'
 '32e6ccab20d94029811127dbbe424c64' 'e5d40a1b17f74b1db5d18279caedb04a'
 'de25d06733d04385825ee082792f5e52']",51ca6c1076833d3aeced45611f974418
54a15d140b297609b48abc816e38da3d,"['4119fd06010c494caa07f439b333f4c5' 'd3835bf3dda84ead99deadbeac5d0d7d'
 '077d2820ae1845bcbb1803379a3d1eae' '1f1545308e9347af91fd03b94aadc21f'
 '82b0446e7c9d4fc793f7b97f890e9049']",54a15d140b297609b48abc816e38da3d
54d5a59714c280fbe4b5932246ec8ed5,"['4119fd06010c494caa07f439b333f4c5' 'd3835bf3dda84ead99deadbeac5d0d7d'
 '077d2820ae1845bcbb1803379a3d1eae' 'eeef6ae5c464400c8755900b4f1ac37a']",54d5a59714c280fbe4b5932246ec8ed5
55946cdb9635ae3014dc49b213ebd624,"['4119fd06010c494caa07f439b333f4c5' 'd3835bf3dda84ead99deadbeac5d0d7d'
 '077d2820ae1845bcbb1803379a3d1eae' '3d6b216c14354332b1bf1927ba168986'
 '3d0dcbc8971b415ea18065edc4d8c8ef' 'cec95bf17e7e4c939b56c9c6f402a29f'
 'adffed660d154b519c1817e514e83096']",55946cdb9635ae3014dc49b213ebd624
5650c6b06970630280e141dce7057923,"['4119fd06010c494caa07f439b333f4c5' 'd3835bf3dda84ead99deadbeac5d0d7d'
 '077d2820ae1845bcbb1803379a3d1eae' '6b02373137fd438ba96af28f735cdbdb']",5650c6b06970630280e141dce7057923
56db6bd1fa62c6b555094fabb41e1914,"['4119fd06010c494caa07f439b333f4c5' 'd3835bf3dda84ead99deadbeac5d0d7d'
 '077d2820ae1845bcbb1803379a3d1eae' 'f1c6eed066f24cbdb376b910fce29ed4'
 '047cd93e9d704c7d8dadb6e79f9458df']",56db6bd1fa62c6b555094fabb41e1914
5724a82dd708aaee5d26b64b7d5b0b50,"['4119fd06010c494caa07f439b333f4c5' 'd3835bf3dda84ead99deadbeac5d0d7d'
 '077d2820ae1845bcbb1803379a3d1eae' '1943f245ee4243bdbfbd2fd619ae824a']",5724a82dd708aaee5d26b64b7d5b0b50
57f109cc789d99591333a9eab93f716c,"['4119fd06010c494caa07f439b333f4c5' 'd3835bf3dda84ead99deadbeac5d0d7d'
 '077d2820ae1845bcbb1803379a3d1eae' 'af1d0fec22114a3398b8016f5225f9ed'
 'b07a7f088364459098cd8511ff27a4c8']",57f109cc789d99591333a9eab93f716c
593106634c58b8567ffa3f161932bd0d,"['4119fd06010c494caa07f439b333f4c5' 'd3835bf3dda84ead99deadbeac5d0d7d'
 '077d2820ae1845bcbb1803379a3d1eae' '1943f245ee4243bdbfbd2fd619ae824a'
 'e22d1d1cd8d14f12b81828d940f40d70' 'fac4a59c2278498d83f9f1b4231ad62e']",593106634c58b8567ffa3f161932bd0d
59a45bd10b760382a60e524b4ed8e99d,"['4119fd06010c494caa07f439b333f4c5' 'd3835bf3dda84ead99deadbeac5d0d7d'
 '077d2820ae1845bcbb1803379a3d1eae' 'd53f15cb7f7845de91cc44ad44ff9f6e'
 '5d3184dabfd647a5a7e565f72c60ff24']",59a45bd10b760382a60e524b4ed8e99d
5ad45bd483d79609ef98d1ea70c8cd36,"['4119fd06010c494caa07f439b333f4c5' 'd3835bf3dda84ead99deadbeac5d0d7d'
 '077d2820ae1845bcbb1803379a3d1eae' 'deece7e64b2a4628850d4bb6e394a9c3'
 'e657b5121ff8456b9a610cfaead8e0cb' 'bf4e255cdac94ccc83a56435a5e4b075'
 '3b040bcc19f14e04880ae52881a89c1c']",5ad45bd483d79609ef98d1ea70c8cd36
5b2875e1c818a3da9b0b3be551d1b092,"['4119fd06010c494caa07f439b333f4c5' 'd3835bf3dda84ead99deadbeac5d0d7d'
 '077d2820ae1845bcbb1803379a3d1eae' '3d6b216c14354332b1bf1927ba168986'
 'adf4ee3fbe9b4d0381044838c4f889c8']",5b2875e1c818a3da9b0b3be551d1b092
5e1ea4f69aa3c0aef87c8cfa7a01598f,"['4119fd06010c494caa07f439b333f4c5' 'd3835bf3dda84ead99deadbeac5d0d7d'
 '077d2820ae1845bcbb1803379a3d1eae' 'f84314943bee4c859c9a62f268c9c216'
 'ba481175ee1d4329bf07757a30abd3a1' 'bd43f3d439a54781bd4b721a9a269b92'
 'adc0f95733e74351a891c4dadf650a52']",5e1ea4f69aa3c0aef87c8cfa7a01598f
5e91ccea60b2782f42202ef0ba0a1356,"['4119fd06010c494caa07f439b333f4c5' 'd3835bf3dda84ead99deadbeac5d0d7d'
 '077d2820ae1845bcbb1803379a3d1eae' 'aff21f1da1654e7babdcf3fb0e4a75fc']",5e91ccea60b2782f42202ef0ba0a1356
5f3b0edea71a3b60cb1d93f8690cdf4e,"['4119fd06010c494caa07f439b333f4c5' 'd3835bf3dda84ead99deadbeac5d0d7d'
 '077d2820ae1845bcbb1803379a3d1eae' '3d0dcbc8971b415ea18065edc4d8c8ef'
 '8d141c0b80f74b79a05eed7fe161fe49' '91ff849d12b24574b0691dbddf44968b'
 '5a6c1d15424149f69052cd8d91fbff75']",5f3b0edea71a3b60cb1d93f8690cdf4e
5fc5a35b355f33929d63f6a4da76a54d,"['4119fd06010c494caa07f439b333f4c5' 'd3835bf3dda84ead99deadbeac5d0d7d'
 '077d2820ae1845bcbb1803379a3d1eae' '785f7f32471c439e89601ab81c828d1d'
 '8d8da35190bf43c5878fa38f3eb4f3d2' '2fb7e14a3f124526bd7b24867fc18e81']",5fc5a35b355f33929d63f6a4da76a54d
5fd255db7b2c556ca799d5988db53512,"['4119fd06010c494caa07f439b333f4c5' 'd3835bf3dda84ead99deadbeac5d0d7d'
 '077d2820ae1845bcbb1803379a3d1eae' 'b999ed77e19e4f85b7f1ae79af5c002a'
 'c6d1e4f56c2843e89cf0b91c10bb6de2']",5fd255db7b2c556ca799d5988db53512
605fe89d0c31975979dfde8bc5177ac6,"['4119fd06010c494caa07f439b333f4c5' 'd3835bf3dda84ead99deadbeac5d0d7d'
 '077d2820ae1845bcbb1803379a3d1eae' '3d6b216c14354332b1bf1927ba168986'
 '18b839da898e4026b81727d759d95c6a' '70634e10a5e845aa8c6a32fe7e8eb2b2'
 '04085f7cf46544b79597fc49286ff84d']",605fe89d0c31975979dfde8bc5177ac6
60b8030983178d724777dd61b51279a3,"['4119fd06010c494caa07f439b333f4c5' 'd3835bf3dda84ead99deadbeac5d0d7d'
 '077d2820ae1845bcbb1803379a3d1eae' 'dde131ab575d44dbb55289a6972be18f'
 'de9e343f2e334d88a8ac7f8813a915e5']",60b8030983178d724777dd61b51279a3
61e528d9a380f24404cd2de394311bd5,"['4119fd06010c494caa07f439b333f4c5' 'd3835bf3dda84ead99deadbeac5d0d7d'
 '077d2820ae1845bcbb1803379a3d1eae' '3d0dcbc8971b415ea18065edc4d8c8ef'
 'd54956b79dd147f894b67a8b97dcbef0' '1033a18c45aa4584b2aef6ab96890351'
 'c9b8ce91fc2945b4907fe35519339cac']",61e528d9a380f24404cd2de394311bd5
663b1326fe05422c58ed1902d31e3b29,"['4119fd06010c494caa07f439b333f4c5' 'd3835bf3dda84ead99deadbeac5d0d7d'
 '077d2820ae1845bcbb1803379a3d1eae' '26f88ab3e2e04c33a459ad6270ade565'
 '718c507cb8ac49e6a35c251ac951b5ca' 'b45ef27279c043269b23b894461d7d8c'
 '10983a248cc448c59c94df4d1d0898f0']",663b1326fe05422c58ed1902d31e3b29
686022cda25cae37331de3a24eaa29d3,"['4119fd06010c494caa07f439b333f4c5' 'd3835bf3dda84ead99deadbeac5d0d7d'
 '077d2820ae1845bcbb1803379a3d1eae' '351abba16e5c448994c6daf48121b14d'
 '50ea7d3b69614bcdbfbff7ddbfbf3d34' '004f40a5aeca48a1879db728eb12bcba'
 '4465efb7f6ed4dedad72a658184addd2' 'b0dd60e11dad4ff782623acf039b3948'
 'db8c43fa4df947b09e5754d3b1393ead']",686022cda25cae37331de3a24eaa29d3
6963ec899be88537c2941c7683d0cfcb,"['4119fd06010c494caa07f439b333f4c5' 'd3835bf3dda84ead99deadbeac5d0d7d'
 '077d2820ae1845bcbb1803379a3d1eae' '9ab48505fb1b487babd0d1f6d3a3f980'
 '148fffeb994541b2b4b6dcefda7001a8' '89c08e793298442686292454a1abff31']",6963ec899be88537c2941c7683d0cfcb
698a828fdf5d36721a02e17b833bd96f,"['4119fd06010c494caa07f439b333f4c5' 'd3835bf3dda84ead99deadbeac5d0d7d'
 '077d2820ae1845bcbb1803379a3d1eae' 'de6fa24480894518ab3cbcb66f739266']",698a828fdf5d36721a02e17b833bd96f
69a8a040ff4b42b2e1d8895085f06383,"['4119fd06010c494caa07f439b333f4c5' 'd3835bf3dda84ead99deadbeac5d0d7d'
 '077d2820ae1845bcbb1803379a3d1eae' '3d0dcbc8971b415ea18065edc4d8c8ef'
 'e2ec7d3cdbeb4dd086ae6eb399332363' '67f10971666240ea930f3b875aabdc1a'
 '8b95083939ad4771b57a97c2d5805f36' '24652fab20d84381b112b8491de2887e']",69a8a040ff4b42b2e1d8895085f06383
6a98c69e1e7753cd8ab2aff1e4565646,"['4119fd06010c494caa07f439b333f4c5' 'd3835bf3dda84ead99deadbeac5d0d7d'
 '077d2820ae1845bcbb1803379a3d1eae' '071a416efbec4f0886c19ac68f6d43cb']",6a98c69e1e7753cd8ab2aff1e4565646
6ae37b9ba3a17fa65c721371ae3e5646,"['4119fd06010c494caa07f439b333f4c5' 'd3835bf3dda84ead99deadbeac5d0d7d'
 '077d2820ae1845bcbb1803379a3d1eae' '68105770b523412388424d984e711917'
 '85c79fd84f5e4f918471c386852204c5' 'eae4259b19a741ab9f9f6af18c4a0470'
 '3138f39f2bcd43a69e0697cd3b05bc4d']",6ae37b9ba3a17fa65c721371ae3e5646
6aebae568357758f36c1fbb46e3635f3,"['4119fd06010c494caa07f439b333f4c5' 'd3835bf3dda84ead99deadbeac5d0d7d'
 '077d2820ae1845bcbb1803379a3d1eae' 'b999ed77e19e4f85b7f1ae79af5c002a'
 'efb6350e65964659bc20396c0166b296']",6aebae568357758f36c1fbb46e3635f3
6bb4ce52008209df78eb01779ea251c1,"['4119fd06010c494caa07f439b333f4c5' 'd3835bf3dda84ead99deadbeac5d0d7d'
 '077d2820ae1845bcbb1803379a3d1eae' '3ce7c210a21b4deebad7cc9308148d86'
 '005d2154da754b21adcd90ac921bd5f7' '711ba818354546cea69f1532b92a2f26']",6bb4ce52008209df78eb01779ea251c1
6bd2fe643bdcc6be72047366d70c9d36,"['4119fd06010c494caa07f439b333f4c5' 'd3835bf3dda84ead99deadbeac5d0d7d'
 '077d2820ae1845bcbb1803379a3d1eae' '68105770b523412388424d984e711917'
 '85c79fd84f5e4f918471c386852204c5' '56d0e5ebe79e4814bd1463cf6ca21394'
 '7c49f2710e8b4d3b8dc9310834406ea5' 'c6d1e4f56c2843e89cf0b91c10bb6de2'
 '0adb2d9941f34ef7b2f7743cc6225844']",6bd2fe643bdcc6be72047366d70c9d36
6d366f29543ceb4666afebe8b2a7fb2f,"['4119fd06010c494caa07f439b333f4c5' 'd3835bf3dda84ead99deadbeac5d0d7d'
 '077d2820ae1845bcbb1803379a3d1eae' '1745a2485a9443bab76587ad650e9be0'
 '91ff849d12b24574b0691dbddf44968b' 'aff21f1da1654e7babdcf3fb0e4a75fc']",6d366f29543ceb4666afebe8b2a7fb2f
6d919a6bd8e1f81fb0839e1bf950648e,"['4119fd06010c494caa07f439b333f4c5' 'd3835bf3dda84ead99deadbeac5d0d7d'
 '077d2820ae1845bcbb1803379a3d1eae' '71a0a8c1beb64da08124205e9a803d98'
 'f84314943bee4c859c9a62f268c9c216' 'ba481175ee1d4329bf07757a30abd3a1']",6d919a6bd8e1f81fb0839e1bf950648e
6df40f4f11124a8eb71d3cdeec84d3f3,"['4119fd06010c494caa07f439b333f4c5' 'd3835bf3dda84ead99deadbeac5d0d7d'
 '077d2820ae1845bcbb1803379a3d1eae' '469aeef98cd1421fa123277b93d7b83a']",6df40f4f11124a8eb71d3cdeec84d3f3
6e74dc5d592cc6479ac5f124d556a850,"['4119fd06010c494caa07f439b333f4c5' 'd3835bf3dda84ead99deadbeac5d0d7d'
 '077d2820ae1845bcbb1803379a3d1eae' '83a6cb03df6b41d8ad6ee5f6fef5f024'
 'f97011b2a99d44648e18d517e1eae15c']",6e74dc5d592cc6479ac5f124d556a850
6e92c9d95d4da810634624fe16b99344,"['4119fd06010c494caa07f439b333f4c5' 'd3835bf3dda84ead99deadbeac5d0d7d'
 '077d2820ae1845bcbb1803379a3d1eae' 'd54956b79dd147f894b67a8b97dcbef0'
 '958beecdb5bb4060948415ffd75d2b03']",6e92c9d95d4da810634624fe16b99344
6eaf196fc6a057eed197922d34d1c0a6,"['4119fd06010c494caa07f439b333f4c5' 'd3835bf3dda84ead99deadbeac5d0d7d'
 '077d2820ae1845bcbb1803379a3d1eae' 'f1c6eed066f24cbdb376b910fce29ed4'
 '83a6cb03df6b41d8ad6ee5f6fef5f024' '147c038aef3e4422acbbc5f7938c4ab8'
 'b7702b90c7f24190b864e8c6e64612a5']",6eaf196fc6a057eed197922d34d1c0a6
6eb3be753407be6c0ad1ad35ae45ff75,"['4119fd06010c494caa07f439b333f4c5' 'd3835bf3dda84ead99deadbeac5d0d7d'
 '077d2820ae1845bcbb1803379a3d1eae' '668cf1fdfd644d39acc6350b86117ea2'
 'c885166d0c454a748376b56279f96408' 'f09f381c319f4251847d1a4bb8cdcac1'
 '6573bc2af4f94596a3f4452a602d6fc4' '0dddcca0e5df4b16bc03a51a2d2d8e16']",6eb3be753407be6c0ad1ad35ae45ff75
6fb7c08d846b530008af10dd8b7c8d42,"['4119fd06010c494caa07f439b333f4c5' 'd3835bf3dda84ead99deadbeac5d0d7d'
 '077d2820ae1845bcbb1803379a3d1eae' '5d3344f45e654d2c808481672f2f08dd'
 '6fb57f83baec45c9b30490ee991f433f' '68762e6f0d1c41cd857c6b964a8e76c3']",6fb7c08d846b530008af10dd8b7c8d42
703e0e838d2ef3544cf1fe9f1bafcdea,"['4119fd06010c494caa07f439b333f4c5' 'd3835bf3dda84ead99deadbeac5d0d7d'
 '077d2820ae1845bcbb1803379a3d1eae' 'bcfdc48e5f044e1d84c5d217c1992d4b'
 'b232fb0f2ac14790b931d1e7fcddd8ad']",703e0e838d2ef3544cf1fe9f1bafcdea
709a4bdcd3b3b2d8e694f76f116741bb,"['4119fd06010c494caa07f439b333f4c5' 'd3835bf3dda84ead99deadbeac5d0d7d'
 '077d2820ae1845bcbb1803379a3d1eae' '3d6b216c14354332b1bf1927ba168986'
 '3d0dcbc8971b415ea18065edc4d8c8ef' '07b2425216bd4f0aa4e079827cb48ef5'
 '392be891f8b649fabdc20e7bf549f669']",709a4bdcd3b3b2d8e694f76f116741bb
71eb165d023c6665c29c3653f2522e20,"['4119fd06010c494caa07f439b333f4c5' 'd3835bf3dda84ead99deadbeac5d0d7d'
 '077d2820ae1845bcbb1803379a3d1eae' '5c7ef01f46a94641bf1ae5cd25f8a538'
 'aefde1f7617f4c0e9aed31db77f6d862' 'ad52ba79a84748a49067e53b1d5095f9']",71eb165d023c6665c29c3653f2522e20
76131825499e7d53c5c19498382570b6,"['4119fd06010c494caa07f439b333f4c5' 'd3835bf3dda84ead99deadbeac5d0d7d'
 '077d2820ae1845bcbb1803379a3d1eae' '8323efc8e539419e9ca3c98e758f6609']",76131825499e7d53c5c19498382570b6
76c05aa95fb4be4ccf65725072d479ba,"['4119fd06010c494caa07f439b333f4c5' 'd3835bf3dda84ead99deadbeac5d0d7d'
 '077d2820ae1845bcbb1803379a3d1eae' 'cccfa151fedc4b218a8d96adc7dceabe'
 'ce54725672a74ebcabe6127577dacb2b']",76c05aa95fb4be4ccf65725072d479ba
78694c2f02a78b42f413d98bcc76e527,"['4119fd06010c494caa07f439b333f4c5' 'd3835bf3dda84ead99deadbeac5d0d7d'
 '077d2820ae1845bcbb1803379a3d1eae' '3671ea0dd4e84c1a9b02c5ab2c8f4bac'
 '19a7f254a5d64566ab5cc15472df02de' 'e7ffaee9d31d4d3c96e04f911d0a8f9e'
 'f7e11b0e297a44a896dc67928368f600']",78694c2f02a78b42f413d98bcc76e527
78f9c43b344baaa4cf7b5923d2a89fcb,"['4119fd06010c494caa07f439b333f4c5' 'd3835bf3dda84ead99deadbeac5d0d7d'
 '077d2820ae1845bcbb1803379a3d1eae' '3d6b216c14354332b1bf1927ba168986'
 '3d0dcbc8971b415ea18065edc4d8c8ef' '7cc3356d38de4328a51a5cbcb187dac3'
 'bef16fb5fd7344cca5e295b13ef3e0cd' 'bb9e01bc171d4326a29afda59ece8d17'
 '525f41ea20274a05af4e52b625b473f3']",78f9c43b344baaa4cf7b5923d2a89fcb
798857dabf3f6e02fd96d3754961b4f9,"['4119fd06010c494caa07f439b333f4c5' 'd3835bf3dda84ead99deadbeac5d0d7d'
 '077d2820ae1845bcbb1803379a3d1eae' '1745a2485a9443bab76587ad650e9be0'
 '32e6ccab20d94029811127dbbe424c64' '6d8473ef3b1042bf87178a611e3dbcc6']",798857dabf3f6e02fd96d3754961b4f9
7abba7c2008a10626855aa8423929d38,"['4119fd06010c494caa07f439b333f4c5' 'd3835bf3dda84ead99deadbeac5d0d7d'
 '077d2820ae1845bcbb1803379a3d1eae' '1943f245ee4243bdbfbd2fd619ae824a'
 '3b040bcc19f14e04880ae52881a89c1c' '3d0dcbc8971b415ea18065edc4d8c8ef'
 '859dedcc3736439a8a563419f16cb3d8' '6078b9980a6c4dcd9198d151b833ead7'
 'f93cd6b8213e46dda67af7e5382e1bd2']",7abba7c2008a10626855aa8423929d38
7b35c76e997c4827b6c4f2abae08331e,"['4119fd06010c494caa07f439b333f4c5' 'd3835bf3dda84ead99deadbeac5d0d7d'
 '077d2820ae1845bcbb1803379a3d1eae' '98fc2ee593184c5a839454db4eec7013']",7b35c76e997c4827b6c4f2abae08331e
7c7ee4d31b0335759e0043543fe91ef3,"['4119fd06010c494caa07f439b333f4c5' 'd3835bf3dda84ead99deadbeac5d0d7d'
 '077d2820ae1845bcbb1803379a3d1eae' 'b0b464bc92a541e48547fe9738378dab']",7c7ee4d31b0335759e0043543fe91ef3
7d1a061b758da894b990616789cdeaeb,"['4119fd06010c494caa07f439b333f4c5' 'd3835bf3dda84ead99deadbeac5d0d7d'
 '077d2820ae1845bcbb1803379a3d1eae' '071a416efbec4f0886c19ac68f6d43cb'
 '82b0446e7c9d4fc793f7b97f890e9049' 'c8e706fbdc90420d952deed03c4f04b4']",7d1a061b758da894b990616789cdeaeb
7d90c325caef35c2373d29a64216f8c5,"['4119fd06010c494caa07f439b333f4c5' 'd3835bf3dda84ead99deadbeac5d0d7d'
 '077d2820ae1845bcbb1803379a3d1eae' '17ed1d92075643579a712cc6c29e8ddb'
 '9d08f285a7be4c79b8f359c51d51db37' '378fc7636eeb4aabbfd40995a6960c64'
 '80a04aa18cd649d584292f23b10c0727' '4e9ca18ccc1d4527a3bc035d07f5e162']",7d90c325caef35c2373d29a64216f8c5
7e271f93a1a56d88064d851c01af91fa,"['4119fd06010c494caa07f439b333f4c5' 'd3835bf3dda84ead99deadbeac5d0d7d'
 '077d2820ae1845bcbb1803379a3d1eae' 'ae1fe1c014c54ec4bcdf10dbdaed5068']",7e271f93a1a56d88064d851c01af91fa
7f4755e00889a196ce9e227c285b81dd,"['4119fd06010c494caa07f439b333f4c5' 'd3835bf3dda84ead99deadbeac5d0d7d'
 '077d2820ae1845bcbb1803379a3d1eae' '38f51478f41f48db9bee570859b6f43e'
 '83c76fbd2a004d90a5b0a6736ffed61d' 'd9779c41e3c74fe0b26e23822a4b995b'
 '9d7a563b3b2d405092c31f1fe08cff77']",7f4755e00889a196ce9e227c285b81dd
80fd6c58091eb31c0a8e40a0b27473bd,"['4119fd06010c494caa07f439b333f4c5' 'd3835bf3dda84ead99deadbeac5d0d7d'
 '077d2820ae1845bcbb1803379a3d1eae' '9646481f66ce4fd2b08c2eddda42fc82'
 'd91a266f766b4737a06b0fda588ba40b' 'bc0e3f075a4c4ebbb7c7b152b65a5625'
 '254770028d7a4fa9877da4ba0ad5ad21']",80fd6c58091eb31c0a8e40a0b27473bd
832e56ae03c59859d3810a92e480461b,"['4119fd06010c494caa07f439b333f4c5' 'd3835bf3dda84ead99deadbeac5d0d7d'
 '077d2820ae1845bcbb1803379a3d1eae' '8169efeea3ce473d9fd2f1c688126a1c'
 'c885166d0c454a748376b56279f96408' '586bccefb1e344289c1ee984e165de9c'
 'a2201b8753ba4847ab0b22054e27d2c0' 'b5ecd0553dd742f5813c9b855d548a41']",832e56ae03c59859d3810a92e480461b
8561914d860570076ff3ce9f41682bc4,"['4119fd06010c494caa07f439b333f4c5' 'd3835bf3dda84ead99deadbeac5d0d7d'
 '077d2820ae1845bcbb1803379a3d1eae' '17ed1d92075643579a712cc6c29e8ddb'
 '1f1545308e9347af91fd03b94aadc21f' '0ee7db2c6bea4630ba9f0c25e8a967ad']",8561914d860570076ff3ce9f41682bc4
85d22b7ef37ae79ad6567046b8184a1c,"['4119fd06010c494caa07f439b333f4c5' 'd3835bf3dda84ead99deadbeac5d0d7d'
 '077d2820ae1845bcbb1803379a3d1eae' 'f1c6eed066f24cbdb376b910fce29ed4'
 '148fffeb994541b2b4b6dcefda7001a8']",85d22b7ef37ae79ad6567046b8184a1c
86d586719b44ba38350349cdcb1c9cb0,"['4119fd06010c494caa07f439b333f4c5' 'd3835bf3dda84ead99deadbeac5d0d7d'
 '077d2820ae1845bcbb1803379a3d1eae' '1fd3fa8bb5a2408790042ab9573779ee'
 '8169efeea3ce473d9fd2f1c688126a1c' 'c2d48b75af6a4d7989ccf9eceabd934e']",86d586719b44ba38350349cdcb1c9cb0
8758fe93d5c253a88c97ac51e89237d2,"['4119fd06010c494caa07f439b333f4c5' 'd3835bf3dda84ead99deadbeac5d0d7d'
 '077d2820ae1845bcbb1803379a3d1eae' 'eeef6ae5c464400c8755900b4f1ac37a'
 '422433aa45804c7ebb973b2fafce5da6' '86505bca739d4bccaaa1a8e0f3baffdc']",8758fe93d5c253a88c97ac51e89237d2
8db2870a9f69b41ad09dc55673603b2a,"['4119fd06010c494caa07f439b333f4c5' 'd3835bf3dda84ead99deadbeac5d0d7d'
 '077d2820ae1845bcbb1803379a3d1eae' '7ea4afbf8a264f29af29950ce98105ba']",8db2870a9f69b41ad09dc55673603b2a
8f2942bb61954debf95523409380171b,"['4119fd06010c494caa07f439b333f4c5' 'd3835bf3dda84ead99deadbeac5d0d7d'
 '077d2820ae1845bcbb1803379a3d1eae' '1eb829d0ace042089f0746f78729696c']",8f2942bb61954debf95523409380171b
8f4465aed6020a60e9929cd324f39a97,"['4119fd06010c494caa07f439b333f4c5' 'd3835bf3dda84ead99deadbeac5d0d7d'
 '077d2820ae1845bcbb1803379a3d1eae' 'de6fa24480894518ab3cbcb66f739266']",8f4465aed6020a60e9929cd324f39a97
8f85b6a89a7635df0651bc4afa8bea30,"['4119fd06010c494caa07f439b333f4c5' 'd3835bf3dda84ead99deadbeac5d0d7d'
 '077d2820ae1845bcbb1803379a3d1eae' '3d6b216c14354332b1bf1927ba168986'
 '1c109cfdc370463eb6d537e5b7b382fb' '3d0dcbc8971b415ea18065edc4d8c8ef']",8f85b6a89a7635df0651bc4afa8bea30
9099f98cb6057a5bd9bfd18262448c29,"['4119fd06010c494caa07f439b333f4c5' 'd3835bf3dda84ead99deadbeac5d0d7d'
 '077d2820ae1845bcbb1803379a3d1eae' 'f1c6eed066f24cbdb376b910fce29ed4'
 '6768339b54084020aec27adcef8994ff']",9099f98cb6057a5bd9bfd18262448c29
941b9d29572fa96c8945389d9636cb68,"['4119fd06010c494caa07f439b333f4c5' 'd3835bf3dda84ead99deadbeac5d0d7d'
 '077d2820ae1845bcbb1803379a3d1eae' '6e0c81bef5364c988b21bf9b709d9861'
 'd005bf75c31d4848ad7041f39651e59c' 'f09f381c319f4251847d1a4bb8cdcac1'
 'eec11f567e7f4943b157c3a657eb9a46' 'efef117839b64ce9adf614a461d41ba6'
 '2171091ada0942d8ae7944df11659f6e']",941b9d29572fa96c8945389d9636cb68
9496bedf976a93fccf86a223c7de6d86,"['4119fd06010c494caa07f439b333f4c5' 'd3835bf3dda84ead99deadbeac5d0d7d'
 '077d2820ae1845bcbb1803379a3d1eae' 'df40ad480a3c47299a6c8fad05349304']",9496bedf976a93fccf86a223c7de6d86
9586c06886abf1586a1758c00adddcb3,"['4119fd06010c494caa07f439b333f4c5' 'd3835bf3dda84ead99deadbeac5d0d7d'
 '077d2820ae1845bcbb1803379a3d1eae' 'de6fa24480894518ab3cbcb66f739266'
 'f034618dde7948beb6dab30176d0fc87' '5c41f96be13e49dba649454297834546']",9586c06886abf1586a1758c00adddcb3
9790ebc82f7160ddd73beb7d7f7fbe30,"['4119fd06010c494caa07f439b333f4c5' 'd3835bf3dda84ead99deadbeac5d0d7d'
 '077d2820ae1845bcbb1803379a3d1eae' 'ed6d2eee9d7b4f5db466b1f6404d31cc'
 '7ce637e4f35b42e3a9f8272cab69cd22' '4d999d7744b04a998475f8f8531589f0']",9790ebc82f7160ddd73beb7d7f7fbe30
98234d1b2e4159348f1051c6474a2b92,"['4119fd06010c494caa07f439b333f4c5' 'd3835bf3dda84ead99deadbeac5d0d7d'
 '077d2820ae1845bcbb1803379a3d1eae' '5d3344f45e654d2c808481672f2f08dd'
 'cf6115e69d6649cc99ef2bd11854ccfb' '9ed7e3d187b94ab0a90830b17d66615e'
 'b4c7432f712849d7aba9dccbb77471ef']",98234d1b2e4159348f1051c6474a2b92
98521d8af0974f7a7aa310e1144fd17c,"['4119fd06010c494caa07f439b333f4c5' 'd3835bf3dda84ead99deadbeac5d0d7d'
 '077d2820ae1845bcbb1803379a3d1eae' '3d0dcbc8971b415ea18065edc4d8c8ef'
 '68105770b523412388424d984e711917' '85c79fd84f5e4f918471c386852204c5'
 'c160b9cb27d6408ba6ab20214a2f3f81' '56d0e5ebe79e4814bd1463cf6ca21394'
 '1dbc51475cb04dafa4a8833a8378635e']",98521d8af0974f7a7aa310e1144fd17c
98a04f71b2a6f6be26a586dee58615f0,"['4119fd06010c494caa07f439b333f4c5' 'd3835bf3dda84ead99deadbeac5d0d7d'
 '077d2820ae1845bcbb1803379a3d1eae' '6090e736374d45fd84f0e4610a314f8f'
 '6f3dd1fd6d7f4df4af0656ed0525c92e']",98a04f71b2a6f6be26a586dee58615f0
98d9ad1f817227c5f61267561edb5a29,"['4119fd06010c494caa07f439b333f4c5' 'd3835bf3dda84ead99deadbeac5d0d7d'
 '077d2820ae1845bcbb1803379a3d1eae' 'aff21f1da1654e7babdcf3fb0e4a75fc'
 '089b9b9841714b8da043777e2cda3767' '38f1e44579d0437dac1203c34678d3c3'
 '1ca24718a96b47f3a8855550506c4b41']",98d9ad1f817227c5f61267561edb5a29
995bb26d8497c3ce073dce7e0b029cb1,"['4119fd06010c494caa07f439b333f4c5' 'd3835bf3dda84ead99deadbeac5d0d7d'
 '077d2820ae1845bcbb1803379a3d1eae' 'cbf232211e7d4eb6abdbe182f71c2cf0'
 '5c02b1ab32064c64a0f8b27b219e358a' 'c5f77ba0c261408780db3d50346f16b7'
 '453ecf5476f64f4a8d5020b95baf1314']",995bb26d8497c3ce073dce7e0b029cb1
9985fbe2c394828a205bcb770f194801,"['4119fd06010c494caa07f439b333f4c5' 'd3835bf3dda84ead99deadbeac5d0d7d'
 '077d2820ae1845bcbb1803379a3d1eae' 'b999ed77e19e4f85b7f1ae79af5c002a']",9985fbe2c394828a205bcb770f194801
9c0f0dd4c99b02f2563aa2d10aec7236,"['4119fd06010c494caa07f439b333f4c5' 'd3835bf3dda84ead99deadbeac5d0d7d'
 '077d2820ae1845bcbb1803379a3d1eae' '1943f245ee4243bdbfbd2fd619ae824a'
 '273daeec8cad41e6b3e450447db58ee7' 'e69dc259edb944ea9ea41264b9fcfe59'
 'e2f5735c7d714423a2c4f61ca2644626']",9c0f0dd4c99b02f2563aa2d10aec7236
9c352b3b5cf51f9e81915ed38dffda96,"['4119fd06010c494caa07f439b333f4c5' 'd3835bf3dda84ead99deadbeac5d0d7d'
 '077d2820ae1845bcbb1803379a3d1eae' '5b71ee73a5b6484495b2a0a75219426c'
 'e1f524d4b9754ce2b64a0a4c8f73b854']",9c352b3b5cf51f9e81915ed38dffda96
9e33bda60d240a6b736314369d0ce78c,"['4119fd06010c494caa07f439b333f4c5' 'd3835bf3dda84ead99deadbeac5d0d7d'
 '077d2820ae1845bcbb1803379a3d1eae' '148fffeb994541b2b4b6dcefda7001a8'
 'cbf232211e7d4eb6abdbe182f71c2cf0' 'c2999bdca08a478b84b10219875b285e']",9e33bda60d240a6b736314369d0ce78c
a09d1faef621f16a103301800d46a8f6,"['4119fd06010c494caa07f439b333f4c5' 'd3835bf3dda84ead99deadbeac5d0d7d'
 '077d2820ae1845bcbb1803379a3d1eae' '17ed1d92075643579a712cc6c29e8ddb'
 '378fc7636eeb4aabbfd40995a6960c64' '5564257e89f1428486a64fcf52f49490']",a09d1faef621f16a103301800d46a8f6
a40e1ff3de18337279c3b50ab7657d87,"['4119fd06010c494caa07f439b333f4c5' 'd3835bf3dda84ead99deadbeac5d0d7d'
 '077d2820ae1845bcbb1803379a3d1eae' '5c4d8a8f9c104176b87d2bfdf04ae0bd'
 '5a781604f1fb4719b730f43f534627f6' 'ecdc1020b10e49ca869d399825e16fa3'
 '0d8fde01d7234726a00d7e73e2e01d66' '9c4bd60958fd4e09a6d5b9e2ab163b5a'
 '39d31f770cf740e78d526a2e1101a1db']",a40e1ff3de18337279c3b50ab7657d87
a4260298f4959dba8b6c03551ae0f618,"['4119fd06010c494caa07f439b333f4c5' 'd3835bf3dda84ead99deadbeac5d0d7d'
 '077d2820ae1845bcbb1803379a3d1eae' '1af9faf341e14a5bbf4ddc9080e8dc0b'
 '353d91abc68648639d65a549e59b5cf3']",a4260298f4959dba8b6c03551ae0f618
a43621491fb41ae7ca6b2189dafffbca,"['4119fd06010c494caa07f439b333f4c5' 'd3835bf3dda84ead99deadbeac5d0d7d'
 '077d2820ae1845bcbb1803379a3d1eae' '496f17c2f74244c681db1b23c7a39c0c'
 'da1684437ab04f23adac28ff70bd8429']",a43621491fb41ae7ca6b2189dafffbca
a481ce54debc067e578f784939a11b49,"['4119fd06010c494caa07f439b333f4c5' 'd3835bf3dda84ead99deadbeac5d0d7d'
 '077d2820ae1845bcbb1803379a3d1eae' 'b999ed77e19e4f85b7f1ae79af5c002a']",a481ce54debc067e578f784939a11b49
a54f32c60cd4cca34c0a066fab49ca87,"['4119fd06010c494caa07f439b333f4c5' 'd3835bf3dda84ead99deadbeac5d0d7d'
 '077d2820ae1845bcbb1803379a3d1eae' '3d0dcbc8971b415ea18065edc4d8c8ef'
 '6102fc6619ed422ebc42588bfa97355d' '8d141c0b80f74b79a05eed7fe161fe49'
 'e22d1d1cd8d14f12b81828d940f40d70']",a54f32c60cd4cca34c0a066fab49ca87
a89ca09cc448d536f2e5b7650caa569c,"['4119fd06010c494caa07f439b333f4c5' 'd3835bf3dda84ead99deadbeac5d0d7d'
 '077d2820ae1845bcbb1803379a3d1eae' '478e4c72d8fb46dd8cc9f0691c9878fd'
 '82b0446e7c9d4fc793f7b97f890e9049' '434e752b992c4e6a812557529315c5b9'
 'df79a27b9a4f42fd839c90bb8a79ad91']",a89ca09cc448d536f2e5b7650caa569c
ab0db4a2bcca339c26d0d4c5ef065293,"['4119fd06010c494caa07f439b333f4c5' 'd3835bf3dda84ead99deadbeac5d0d7d'
 '077d2820ae1845bcbb1803379a3d1eae' '3ce7c210a21b4deebad7cc9308148d86'
 'b999ed77e19e4f85b7f1ae79af5c002a' '5ae335d9210a45fda3f92a9a028d6d9b'
 '5ac60a941a5b4934bdc43d2f87de601c']",ab0db4a2bcca339c26d0d4c5ef065293
acaf15728080d84305015a26ec9ce5a7,"['4119fd06010c494caa07f439b333f4c5' 'd3835bf3dda84ead99deadbeac5d0d7d'
 '077d2820ae1845bcbb1803379a3d1eae' '3d6b216c14354332b1bf1927ba168986'
 '30c9641543c24773938bd8ec57ea98ab' '18b839da898e4026b81727d759d95c6a']",acaf15728080d84305015a26ec9ce5a7
aeabc848d13f599e65a605c7e209813c,"['4119fd06010c494caa07f439b333f4c5' 'd3835bf3dda84ead99deadbeac5d0d7d'
 '077d2820ae1845bcbb1803379a3d1eae' '53af055f068244d0ac861b2e89376495'
 '351abba16e5c448994c6daf48121b14d' 'f9005e5c01b44bb489f7112322fd1162']",aeabc848d13f599e65a605c7e209813c
aedb1392696a0303a184efa597f9eb83,"['4119fd06010c494caa07f439b333f4c5' 'd3835bf3dda84ead99deadbeac5d0d7d'
 '077d2820ae1845bcbb1803379a3d1eae' 'de6fa24480894518ab3cbcb66f739266'
 '100c2fccd7f74d9281707082f062ba72' '9d282b2250f7408888504f1f93c202a8']",aedb1392696a0303a184efa597f9eb83
b0df6b99da3afe11ce76836b5e9fb453,"['4119fd06010c494caa07f439b333f4c5' 'd3835bf3dda84ead99deadbeac5d0d7d'
 '077d2820ae1845bcbb1803379a3d1eae' 'f422035f8b78417f98e4d116971cf9f3'
 'c79d686eba044c5586c706cdc096817d']",b0df6b99da3afe11ce76836b5e9fb453
b1418ffef573dabf60fa012d304ac1a3,"['4119fd06010c494caa07f439b333f4c5' 'd3835bf3dda84ead99deadbeac5d0d7d'
 '077d2820ae1845bcbb1803379a3d1eae' 'de6fa24480894518ab3cbcb66f739266'
 'b7e9c9ef572c445a9574ca571e41fb96' 'dcb9f281cd6248c699e0ebb285a42a5e'
 '072cdee531b74513984f49d99a8d64a0']",b1418ffef573dabf60fa012d304ac1a3
b16c781317dfb822518787256e0210a4,"['4119fd06010c494caa07f439b333f4c5' 'd3835bf3dda84ead99deadbeac5d0d7d'
 '077d2820ae1845bcbb1803379a3d1eae' 'de6fa24480894518ab3cbcb66f739266'
 'c0f2dc03d8df400db4997c1a0babd6ad' '8815ed80f9b741dbb458d902024f34a4']",b16c781317dfb822518787256e0210a4
b1edebca8079ae04f91698fa6fa203cb,"['4119fd06010c494caa07f439b333f4c5' 'd3835bf3dda84ead99deadbeac5d0d7d'
 '077d2820ae1845bcbb1803379a3d1eae' '148fffeb994541b2b4b6dcefda7001a8'
 '7b2472c5dd9949c58828413387b94659']",b1edebca8079ae04f91698fa6fa203cb
b7244c24ba845e9461cf4ba9cc098f77,"['4119fd06010c494caa07f439b333f4c5' 'd3835bf3dda84ead99deadbeac5d0d7d'
 '077d2820ae1845bcbb1803379a3d1eae' '1943f245ee4243bdbfbd2fd619ae824a'
 'efce8a9d61254447a26aee99e53f0398' '4a75a9f0b18a48bea9c0601c0fc395c4']",b7244c24ba845e9461cf4ba9cc098f77
b7e2aefb1da5117e881d6cd92f6deeb3,"['4119fd06010c494caa07f439b333f4c5' 'd3835bf3dda84ead99deadbeac5d0d7d'
 '077d2820ae1845bcbb1803379a3d1eae' '07b2425216bd4f0aa4e079827cb48ef5'
 'd005bf75c31d4848ad7041f39651e59c' '9b3eef8f3a3a45e6873838db95295b8a'
 'fdc954b454744820804d7798f3e0b5de' '49c1383836934ec495c3b35769100a73']",b7e2aefb1da5117e881d6cd92f6deeb3
bb863e7d23568e97bb4f20c0f09d87f2,"['4119fd06010c494caa07f439b333f4c5' 'd3835bf3dda84ead99deadbeac5d0d7d'
 '077d2820ae1845bcbb1803379a3d1eae' '3d6b216c14354332b1bf1927ba168986'
 '1c109cfdc370463eb6d537e5b7b382fb' '1eb829d0ace042089f0746f78729696c'
 '015e7b58d1a14b44beab3bbc9f912c18']",bb863e7d23568e97bb4f20c0f09d87f2
bc5e7d72174f350a33dcf12faefa7aa6,"['4119fd06010c494caa07f439b333f4c5' 'd3835bf3dda84ead99deadbeac5d0d7d'
 '077d2820ae1845bcbb1803379a3d1eae' '3d6b216c14354332b1bf1927ba168986'
 'f1c6eed066f24cbdb376b910fce29ed4']",bc5e7d72174f350a33dcf12faefa7aa6
bd6d9a5cf87b1af138c29eb3af9c5414,"['4119fd06010c494caa07f439b333f4c5' 'd3835bf3dda84ead99deadbeac5d0d7d'
 '077d2820ae1845bcbb1803379a3d1eae' '3d0dcbc8971b415ea18065edc4d8c8ef'
 'fa3c4204421c48609e52c8de2da4c654' '53af055f068244d0ac861b2e89376495'
 'c03ab3ce8cb74ad2a03b94723bfab3c7']",bd6d9a5cf87b1af138c29eb3af9c5414
be42eeb163c37d00a0bbd2b8a838a5f8,"['4119fd06010c494caa07f439b333f4c5' 'd3835bf3dda84ead99deadbeac5d0d7d'
 '077d2820ae1845bcbb1803379a3d1eae' 'e69dc259edb944ea9ea41264b9fcfe59'
 'd64ed762ea924caa95c8d06f072a9a96' '222f0ea8a5684123a7045986640ec844'
 '668cf1fdfd644d39acc6350b86117ea2' '478e4c72d8fb46dd8cc9f0691c9878fd']",be42eeb163c37d00a0bbd2b8a838a5f8
be4e3c313a76922c52076bc989ed8134,"['4119fd06010c494caa07f439b333f4c5' 'd3835bf3dda84ead99deadbeac5d0d7d'
 '077d2820ae1845bcbb1803379a3d1eae' 'dc2cc9016e3f49dbac7232f05cce794d'
 '6ea0cef05f694dcea455478f40674e45' '7ab5d53a872f4dfc98f3d386879f3c75']",be4e3c313a76922c52076bc989ed8134
bfc23088565dc19b7bd1ffb0c0db98b7,"['4119fd06010c494caa07f439b333f4c5' 'd3835bf3dda84ead99deadbeac5d0d7d'
 '077d2820ae1845bcbb1803379a3d1eae' '36be44627ece444284f9e759b8cd25c6'
 'a64b4b17b07a44e4b1ac33580d811936' '423b72bbd56f4caa98f3328202c1c3c9']",bfc23088565dc19b7bd1ffb0c0db98b7
c06fc6dd3a2a71fb3c9ffae93ae426f6,"['4119fd06010c494caa07f439b333f4c5' 'd3835bf3dda84ead99deadbeac5d0d7d'
 '077d2820ae1845bcbb1803379a3d1eae' 'e69dc259edb944ea9ea41264b9fcfe59'
 'f1c6eed066f24cbdb376b910fce29ed4' 'ed6d2eee9d7b4f5db466b1f6404d31cc'
 'fc01e9baa80e417c9206f941bb279407']",c06fc6dd3a2a71fb3c9ffae93ae426f6
c137c38909dc32507f0020ef49b14132,"['4119fd06010c494caa07f439b333f4c5' 'd3835bf3dda84ead99deadbeac5d0d7d'
 '077d2820ae1845bcbb1803379a3d1eae' '838c4498bc3c437f8d65428b580766a2'
 '1b893f24eb98477aad6ce49c0f26737e']",c137c38909dc32507f0020ef49b14132
c188e627b8cf464e99a147969b436b77,"['4119fd06010c494caa07f439b333f4c5' 'd3835bf3dda84ead99deadbeac5d0d7d'
 '077d2820ae1845bcbb1803379a3d1eae' '1c109cfdc370463eb6d537e5b7b382fb'
 'd0d7ed36d6f54b5d986dfd854096b728' 'bf6a4c18f44042799eb7456a6b85b54a']",c188e627b8cf464e99a147969b436b77
c1cba8ed0d193ad59458390a792657b0,"['4119fd06010c494caa07f439b333f4c5' 'd3835bf3dda84ead99deadbeac5d0d7d'
 '077d2820ae1845bcbb1803379a3d1eae' 'f1c6eed066f24cbdb376b910fce29ed4'
 '7e2c84548fb94ee395ba8588d8f2a006' 'f512103ed4624accac6cbbf90d7d250a'
 '2325dafe50d1435cbee8ebcaa69688df']",c1cba8ed0d193ad59458390a792657b0
c2dc1cce7596dd68d266adf381b4660a,"['4119fd06010c494caa07f439b333f4c5' 'd3835bf3dda84ead99deadbeac5d0d7d'
 '077d2820ae1845bcbb1803379a3d1eae' 'ede9350632084da5b0b577ff799ab14b'
 'b0e6cfd979ea48b997019b059999d3c2' 'bdddcb17ba6c408599dd395ce64f960a'
 'bc70fee2061541148833d19e86f225b3' '0fc15cc3b44c4142a770feb4c037a6f7']",c2dc1cce7596dd68d266adf381b4660a
c3c9155af78fd1230659ef439d08e2a1,"['4119fd06010c494caa07f439b333f4c5' 'd3835bf3dda84ead99deadbeac5d0d7d'
 '077d2820ae1845bcbb1803379a3d1eae' '67bb4f4678284819add02ba04f3b1103']",c3c9155af78fd1230659ef439d08e2a1
c51fbbba65ab5cfc2a7399114b4afc72,"['4119fd06010c494caa07f439b333f4c5' 'd3835bf3dda84ead99deadbeac5d0d7d'
 '077d2820ae1845bcbb1803379a3d1eae' '599164aead034bc19446efacc77554d2'
 'bbf148ae4d48422f8fdef754cfa2b9e4' '3deb220d31f74103aa44870a36a63220'
 'af7a1584dd15492cb9a4940e285f57fc' '6e0c81bef5364c988b21bf9b709d9861']",c51fbbba65ab5cfc2a7399114b4afc72
c5bbe031af6327c65b96044c98a2653d,"['4119fd06010c494caa07f439b333f4c5' 'd3835bf3dda84ead99deadbeac5d0d7d'
 '077d2820ae1845bcbb1803379a3d1eae' '3d0dcbc8971b415ea18065edc4d8c8ef'
 '1c16b22e18d3483b8d41b284754274e2' '0080f96708cd4054a5f0986ca86889f4'
 'e683130322ac47708a852a5e51abb7c5']",c5bbe031af6327c65b96044c98a2653d
c5ff7aa7d8c153485c3ffe08f2ded51b,"['4119fd06010c494caa07f439b333f4c5' 'd3835bf3dda84ead99deadbeac5d0d7d'
 '077d2820ae1845bcbb1803379a3d1eae' '3d0dcbc8971b415ea18065edc4d8c8ef'
 'e2ec7d3cdbeb4dd086ae6eb399332363' '67f10971666240ea930f3b875aabdc1a'
 '8b95083939ad4771b57a97c2d5805f36' '3c4062de44d64870a3cc5913d5769244'
 '24652fab20d84381b112b8491de2887e']",c5ff7aa7d8c153485c3ffe08f2ded51b
c60c40f586dba63ab8a5d1f8ab3a11d4,"['4119fd06010c494caa07f439b333f4c5' 'd3835bf3dda84ead99deadbeac5d0d7d'
 '077d2820ae1845bcbb1803379a3d1eae' '3d6b216c14354332b1bf1927ba168986'
 '1c109cfdc370463eb6d537e5b7b382fb' '3d0dcbc8971b415ea18065edc4d8c8ef']",c60c40f586dba63ab8a5d1f8ab3a11d4
c78dd01d6b0659a81d7a421f8e66b69c,"['4119fd06010c494caa07f439b333f4c5' 'd3835bf3dda84ead99deadbeac5d0d7d'
 '077d2820ae1845bcbb1803379a3d1eae' '23becf8c6fca4f47a53ec4883d4bf63f'
 'd0ffa3bcd1234258953ff4956d19f561' 'ac41b77ba33c4c84877eb425aba03aa1']",c78dd01d6b0659a81d7a421f8e66b69c
c8c82262047b0f6faa51e75c12b10967,"['4119fd06010c494caa07f439b333f4c5' 'd3835bf3dda84ead99deadbeac5d0d7d'
 '077d2820ae1845bcbb1803379a3d1eae' '3ce7c210a21b4deebad7cc9308148d86'
 'ede9350632084da5b0b577ff799ab14b']",c8c82262047b0f6faa51e75c12b10967
c972662ec0a96c9ac366df01191fcba3,"['4119fd06010c494caa07f439b333f4c5' 'd3835bf3dda84ead99deadbeac5d0d7d'
 '077d2820ae1845bcbb1803379a3d1eae' 'e7ffaee9d31d4d3c96e04f911d0a8f9e'
 '3d0dcbc8971b415ea18065edc4d8c8ef' 'ac6e5a44e0c04a4fa93589376fde4c34'
 '40e4ef7dbc98473ba311bd837859a62a']",c972662ec0a96c9ac366df01191fcba3
c9fd7c7cbe732bcec09c19d35febcaaf,"['4119fd06010c494caa07f439b333f4c5' 'd3835bf3dda84ead99deadbeac5d0d7d'
 '077d2820ae1845bcbb1803379a3d1eae' '8870cf2b5df64d2cab5820f67e29b9f1'
 '3831134696584d83bbf676a6b3bfa8f9' '50e512a5dbe941f5af68bfdf74b1c3c0']",c9fd7c7cbe732bcec09c19d35febcaaf
cab271ab0f3742e4c18dd6a66b5e86fd,"['4119fd06010c494caa07f439b333f4c5' 'd3835bf3dda84ead99deadbeac5d0d7d'
 '077d2820ae1845bcbb1803379a3d1eae' '53af055f068244d0ac861b2e89376495'
 '38f51478f41f48db9bee570859b6f43e' '896d2a51e8de47de85ba8ced108c3d53'
 '14555b518e954637b83aa762dc03164e']",cab271ab0f3742e4c18dd6a66b5e86fd
cc785dd030908551f67b83fc75dc56ca,"['4119fd06010c494caa07f439b333f4c5' 'd3835bf3dda84ead99deadbeac5d0d7d'
 '077d2820ae1845bcbb1803379a3d1eae' '148fffeb994541b2b4b6dcefda7001a8'
 '31a7e680c4d54101afe4c8d52d246913' 'eeb9c02c0efa4131b9e95d33c31019fc']",cc785dd030908551f67b83fc75dc56ca
cd64fb9f6775da0c44f2ac4c77fc9bbb,"['4119fd06010c494caa07f439b333f4c5' 'd3835bf3dda84ead99deadbeac5d0d7d'
 '077d2820ae1845bcbb1803379a3d1eae' 'fe98fb197d294b0b837aee8d5a98dfb1'
 'feb9ddd0ac2949178f26a36949aa5422' 'b4e4fa2e3dfc46e68d532d659b18d17d']",cd64fb9f6775da0c44f2ac4c77fc9bbb
cda59abf8930d96e66fcd5d3619e4b9d,"['4119fd06010c494caa07f439b333f4c5' 'd3835bf3dda84ead99deadbeac5d0d7d'
 '077d2820ae1845bcbb1803379a3d1eae' '478e4c72d8fb46dd8cc9f0691c9878fd'
 '82b0446e7c9d4fc793f7b97f890e9049' '44c65dda6fb7472dae36f6eea720ab47']",cda59abf8930d96e66fcd5d3619e4b9d
cf610e79c74e3f3602430ab31cee3f59,"['4119fd06010c494caa07f439b333f4c5' 'd3835bf3dda84ead99deadbeac5d0d7d'
 '077d2820ae1845bcbb1803379a3d1eae' '07b2425216bd4f0aa4e079827cb48ef5'
 '04085f7cf46544b79597fc49286ff84d' '31499ee6277a4d71b19cb5b6be554c69'
 'd99eabad5dfd47278692569d2a9395b1' 'd53f15cb7f7845de91cc44ad44ff9f6e']",cf610e79c74e3f3602430ab31cee3f59
d0855f40ad99ed1bf80ae7f0c30afa6f,"['4119fd06010c494caa07f439b333f4c5' 'd3835bf3dda84ead99deadbeac5d0d7d'
 '077d2820ae1845bcbb1803379a3d1eae' '3ce7c210a21b4deebad7cc9308148d86'
 '5ecf534a9ffe46e0b1c2144110c691c0' '4d183e7007624fcd98af96b9d752c16d']",d0855f40ad99ed1bf80ae7f0c30afa6f
d0a7ea4cae6a04e4034abf6e52d259c1,"['4119fd06010c494caa07f439b333f4c5' 'd3835bf3dda84ead99deadbeac5d0d7d'
 '077d2820ae1845bcbb1803379a3d1eae' 'b999ed77e19e4f85b7f1ae79af5c002a'
 '5dabc4cd05da425cb194a04482bf0c29' '9d08f285a7be4c79b8f359c51d51db37']",d0a7ea4cae6a04e4034abf6e52d259c1
d3fbba5bbdc8e16420e32df5ff071afd,"['4119fd06010c494caa07f439b333f4c5' 'd3835bf3dda84ead99deadbeac5d0d7d'
 '077d2820ae1845bcbb1803379a3d1eae' '2918130221f94f4387da049b647bfe6a'
 'fd139ac75b0e4777ab67b7423eaaa37f' 'a701c349eb7142d48ba7efad89caf9d2']",d3fbba5bbdc8e16420e32df5ff071afd
d40fc73eef238010776ab42d53427a71,"['4119fd06010c494caa07f439b333f4c5' 'd3835bf3dda84ead99deadbeac5d0d7d'
 '077d2820ae1845bcbb1803379a3d1eae' '1943f245ee4243bdbfbd2fd619ae824a'
 'edc717747e904728b57185f5013461f9' '8fba1fea719d49d380ac2d9c310d68b3']",d40fc73eef238010776ab42d53427a71
d4d16109ee09bb9a72b3728a9f1c6ac3,"['4119fd06010c494caa07f439b333f4c5' 'd3835bf3dda84ead99deadbeac5d0d7d'
 '077d2820ae1845bcbb1803379a3d1eae' '8d141c0b80f74b79a05eed7fe161fe49'
 'ad1595a78935472999444c9330e7730e' '735d19aea0744b2295556841c5c4c3fd'
 'b35c3d1a7daa4924b6bdb58bc69c354d' 'a97e2ecd870944cfbe71c79bc0fcc752']",d4d16109ee09bb9a72b3728a9f1c6ac3
d5559092bd99fd1f3869f1524b901358,"['4119fd06010c494caa07f439b333f4c5' 'd3835bf3dda84ead99deadbeac5d0d7d'
 '077d2820ae1845bcbb1803379a3d1eae' '3d6b216c14354332b1bf1927ba168986'
 'f1c6eed066f24cbdb376b910fce29ed4']",d5559092bd99fd1f3869f1524b901358
d58af2774383a48d5ddffee5074893a6,"['4119fd06010c494caa07f439b333f4c5' 'd3835bf3dda84ead99deadbeac5d0d7d'
 '077d2820ae1845bcbb1803379a3d1eae' '1943f245ee4243bdbfbd2fd619ae824a'
 '3d0dcbc8971b415ea18065edc4d8c8ef' 'e22d1d1cd8d14f12b81828d940f40d70'
 'cbf232211e7d4eb6abdbe182f71c2cf0']",d58af2774383a48d5ddffee5074893a6
d8eac196b457340a25d203ef89cf60a0,"['4119fd06010c494caa07f439b333f4c5' 'd3835bf3dda84ead99deadbeac5d0d7d'
 '077d2820ae1845bcbb1803379a3d1eae' '0e8d921ccd8d4a8594b65b7fd19f7120'
 '59c726a8792d443e84ab052cb7942b4a' '4f2c665decf242b0bfcaf7350b0e02ed'
 '66cdf168f36d4a57a505028c97dc06e0']",d8eac196b457340a25d203ef89cf60a0
daac9fd3428f7570ba876022e3fa7ea4,"['4119fd06010c494caa07f439b333f4c5' 'd3835bf3dda84ead99deadbeac5d0d7d'
 '077d2820ae1845bcbb1803379a3d1eae' '3d0dcbc8971b415ea18065edc4d8c8ef'
 'a24e9df02e1b4b43bf6324b039e28285' 'ab3a5a6713244fd595a1ace978c3d960'
 '02a88c0d128e4586b2f1f64329786d3c' '1ca41537c47c4752a17a44d1d7086d96'
 '7e0d14ca308b4796bdc675a64bd3a36e']",daac9fd3428f7570ba876022e3fa7ea4
dcbbc08412a95a4863db9dfed9ae7a41,"['4119fd06010c494caa07f439b333f4c5' 'd3835bf3dda84ead99deadbeac5d0d7d'
 '077d2820ae1845bcbb1803379a3d1eae' 'c6d1e4f56c2843e89cf0b91c10bb6de2'
 '36a4fcd8efc144e6b8af9a1c7ab8b2ce']",dcbbc08412a95a4863db9dfed9ae7a41
ddc5db0d99054990fc7e3df37f711e27,"['4119fd06010c494caa07f439b333f4c5' 'd3835bf3dda84ead99deadbeac5d0d7d'
 '077d2820ae1845bcbb1803379a3d1eae' '148fffeb994541b2b4b6dcefda7001a8'
 '460295fed3ae4cd39f9f274cec9c2506' '553b285bba60460ab1ed8341ae61282b']",ddc5db0d99054990fc7e3df37f711e27
de7b7ed1df2bd5a2072691c689d14583,"['4119fd06010c494caa07f439b333f4c5' 'd3835bf3dda84ead99deadbeac5d0d7d'
 '077d2820ae1845bcbb1803379a3d1eae' '3d0dcbc8971b415ea18065edc4d8c8ef'
 'f1c6eed066f24cbdb376b910fce29ed4' '30a251bc3d04430d82b5a1a98c7b8c75'
 '93e1d19f9bfa4c6b8962d56d10ea9483' 'db0147eff2204a20b5e5e6bec7a8bae5']",de7b7ed1df2bd5a2072691c689d14583
dee02c29ee12ac56a5d7bfe57c8d5abc,"['4119fd06010c494caa07f439b333f4c5' 'd3835bf3dda84ead99deadbeac5d0d7d'
 '077d2820ae1845bcbb1803379a3d1eae' '3d6b216c14354332b1bf1927ba168986'
 'f1c6eed066f24cbdb376b910fce29ed4']",dee02c29ee12ac56a5d7bfe57c8d5abc
df57c066c0f5bdf4c4b3d066b3a92cf4,"['4119fd06010c494caa07f439b333f4c5' 'd3835bf3dda84ead99deadbeac5d0d7d'
 '077d2820ae1845bcbb1803379a3d1eae' '3d6b216c14354332b1bf1927ba168986'
 '3d0dcbc8971b415ea18065edc4d8c8ef' '7cc3356d38de4328a51a5cbcb187dac3'
 'bef16fb5fd7344cca5e295b13ef3e0cd' 'bb9e01bc171d4326a29afda59ece8d17']",df57c066c0f5bdf4c4b3d066b3a92cf4
e17bf1f3eed3d870d76a36ec5d026cd3,"['4119fd06010c494caa07f439b333f4c5' 'd3835bf3dda84ead99deadbeac5d0d7d'
 '077d2820ae1845bcbb1803379a3d1eae' '1943f245ee4243bdbfbd2fd619ae824a'
 '98fc2ee593184c5a839454db4eec7013' 'ed559fb4ebde45518849ec803b350fa3'
 '8f140fd7126f47b6b00307b0181509f9' '40450f2c91944a81944621b94f190b49']",e17bf1f3eed3d870d76a36ec5d026cd3
e27e2ab4a9c49388293a934f22e79331,"['4119fd06010c494caa07f439b333f4c5' 'd3835bf3dda84ead99deadbeac5d0d7d'
 '077d2820ae1845bcbb1803379a3d1eae' 'b999ed77e19e4f85b7f1ae79af5c002a']",e27e2ab4a9c49388293a934f22e79331
e37c75674602107b2c7483f65f7b79f1,"['4119fd06010c494caa07f439b333f4c5' 'd3835bf3dda84ead99deadbeac5d0d7d'
 '077d2820ae1845bcbb1803379a3d1eae' '3d0dcbc8971b415ea18065edc4d8c8ef'
 'd0ffa3bcd1234258953ff4956d19f561' '2033ec0487f04240abb3bdbe77b39087'
 'f026fab8fec948ae9e7baa2ad715e6ef']",e37c75674602107b2c7483f65f7b79f1
e5798863dd93590f5b5637e224eae820,"['4119fd06010c494caa07f439b333f4c5' 'd3835bf3dda84ead99deadbeac5d0d7d'
 '077d2820ae1845bcbb1803379a3d1eae' 'a80c7c98c0b647f8b9f6f8cc09168e44'
 '2d66a15939294d21b83b3e277f0a4e46' '47f6d6573cf34e1096c95e36251dd60c'
 '2fbd74d5ccca4be99c5257b3ac95cfba' 'a2b1621a3e424ae29a6a73f00edbeca3'
 'ec45e1c400654c4f875046926486ded7']",e5798863dd93590f5b5637e224eae820
e5d2a321469250dee3b1b85e9b569a2b,"['4119fd06010c494caa07f439b333f4c5' 'd3835bf3dda84ead99deadbeac5d0d7d'
 '077d2820ae1845bcbb1803379a3d1eae' 'cec95bf17e7e4c939b56c9c6f402a29f'
 '599164aead034bc19446efacc77554d2' 'bbf148ae4d48422f8fdef754cfa2b9e4'
 'de61b2670999433f807a6a1dc2b81e43' '3e95dacfe57b4d57b5da4310ef2e157f']",e5d2a321469250dee3b1b85e9b569a2b
e63e71033e5973e3521ddff778ca35d3,"['4119fd06010c494caa07f439b333f4c5' 'd3835bf3dda84ead99deadbeac5d0d7d'
 '077d2820ae1845bcbb1803379a3d1eae' '91ff849d12b24574b0691dbddf44968b'
 'd73c1f2fb3094d8dace42ad2a76e9a52']",e63e71033e5973e3521ddff778ca35d3
e67a8c180e24e5284a02a114305b264d,"['4119fd06010c494caa07f439b333f4c5' 'd3835bf3dda84ead99deadbeac5d0d7d'
 '077d2820ae1845bcbb1803379a3d1eae' '3d0dcbc8971b415ea18065edc4d8c8ef'
 '1f1545308e9347af91fd03b94aadc21f' '6a1d83c9ce2b483dbd7de5ab3ae2487d'
 '66c3dffb7d7a4fa8bb6b48a22ca917a6']",e67a8c180e24e5284a02a114305b264d
e807738758c408be3e8864db88caff39,"['4119fd06010c494caa07f439b333f4c5' 'd3835bf3dda84ead99deadbeac5d0d7d'
 '077d2820ae1845bcbb1803379a3d1eae' '98fc2ee593184c5a839454db4eec7013']",e807738758c408be3e8864db88caff39
e82e0a356955e412d05d2f6e3f008e05,"['4119fd06010c494caa07f439b333f4c5' 'd3835bf3dda84ead99deadbeac5d0d7d'
 '077d2820ae1845bcbb1803379a3d1eae' '07b2425216bd4f0aa4e079827cb48ef5'
 'adffed660d154b519c1817e514e83096' 'd005bf75c31d4848ad7041f39651e59c'
 'fdc954b454744820804d7798f3e0b5de' '49c1383836934ec495c3b35769100a73']",e82e0a356955e412d05d2f6e3f008e05
e8f78bf0df9f13468e0754764912d5e8,"['4119fd06010c494caa07f439b333f4c5' 'd3835bf3dda84ead99deadbeac5d0d7d'
 '077d2820ae1845bcbb1803379a3d1eae' '351abba16e5c448994c6daf48121b14d'
 '4517768fc4e24bd2a790be0e08a7856e' '545edff337344e518f68d1301d745455']",e8f78bf0df9f13468e0754764912d5e8
e936cac803f64546f1bdc2f5534c4329,"['4119fd06010c494caa07f439b333f4c5' 'd3835bf3dda84ead99deadbeac5d0d7d'
 '077d2820ae1845bcbb1803379a3d1eae' '3d0dcbc8971b415ea18065edc4d8c8ef'
 'f58813d090b947a48c1b4614b92c3ec3' '30a251bc3d04430d82b5a1a98c7b8c75'
 '93e1d19f9bfa4c6b8962d56d10ea9483' '8046335ba70b434aa3188392a746fd78']",e936cac803f64546f1bdc2f5534c4329
eb4d12268c4776cd1091eab8dfd64de5,"['4119fd06010c494caa07f439b333f4c5' 'd3835bf3dda84ead99deadbeac5d0d7d'
 '077d2820ae1845bcbb1803379a3d1eae' 'd54956b79dd147f894b67a8b97dcbef0']",eb4d12268c4776cd1091eab8dfd64de5
eed974d4fafa09248a93bc9a1552655a,"['4119fd06010c494caa07f439b333f4c5' 'd3835bf3dda84ead99deadbeac5d0d7d'
 '077d2820ae1845bcbb1803379a3d1eae' '3d0dcbc8971b415ea18065edc4d8c8ef'
 'ad1595a78935472999444c9330e7730e' 'c725babdb14a485582f8fbdf95429030'
 'a0047221896d418d849847d422fa4bb8']",eed974d4fafa09248a93bc9a1552655a
efed2f5ad92d570897eac4d86d0b1a3e,"['4119fd06010c494caa07f439b333f4c5' 'd3835bf3dda84ead99deadbeac5d0d7d'
 '077d2820ae1845bcbb1803379a3d1eae' 'f7e11b0e297a44a896dc67928368f600'
 'c9632a35146940c2a86167c7726d35e9' 'f1c6eed066f24cbdb376b910fce29ed4'
 'a621663edba64d99b7e50f1e53f32ee7' '42be4e140061482ea509dd3e26189480'
 '4da4ef951ff340f1a3dd679de4be3341']",efed2f5ad92d570897eac4d86d0b1a3e
f06a861562496748755a429bc4a6f926,"['4119fd06010c494caa07f439b333f4c5' 'd3835bf3dda84ead99deadbeac5d0d7d'
 '077d2820ae1845bcbb1803379a3d1eae' 'f1c6eed066f24cbdb376b910fce29ed4'
 '6731a665561840c2898ce8c9788e4c88' '4026806fa92f4e849a59a7f5c9a45c79']",f06a861562496748755a429bc4a6f926
f091b55b0f0ed7cd0a802196c4677959,"['4119fd06010c494caa07f439b333f4c5' 'd3835bf3dda84ead99deadbeac5d0d7d'
 '077d2820ae1845bcbb1803379a3d1eae' 'e19287afe00a431f9a593a4827d1b448'
 'f2c06f3a0c704296bf3353b91ee8af47']",f091b55b0f0ed7cd0a802196c4677959
f0efb36842d71c9764d28cf83102f4b5,"['4119fd06010c494caa07f439b333f4c5' 'd3835bf3dda84ead99deadbeac5d0d7d'
 '077d2820ae1845bcbb1803379a3d1eae' '1943f245ee4243bdbfbd2fd619ae824a'
 'b1f6164116d44fe8b8f135d7f65b9e58' 'c0f2dc03d8df400db4997c1a0babd6ad'
 '0211d61aae834229a3a1e004ff5cc658' 'ccbbbcc055c34709abcf103208c2c299']",f0efb36842d71c9764d28cf83102f4b5
f12bd8809b9a4fbde18d50ae1f1388fb,"['4119fd06010c494caa07f439b333f4c5' 'd3835bf3dda84ead99deadbeac5d0d7d'
 '077d2820ae1845bcbb1803379a3d1eae' '6fae5ee1a831468aa585a1ea09095998'
 'ef32c4b208d041cc856f6837915dc1b0' '07b2425216bd4f0aa4e079827cb48ef5']",f12bd8809b9a4fbde18d50ae1f1388fb
f26d03542e20bfca36a56f5e3d9d4849,"['4119fd06010c494caa07f439b333f4c5' 'd3835bf3dda84ead99deadbeac5d0d7d'
 '077d2820ae1845bcbb1803379a3d1eae' '9376ce8940e647a99e5e087514b88fa4'
 'b38a636e86984600bb4b57c2e2df9747' '4bc7440b8f4b4e4cae65a5c49defa923']",f26d03542e20bfca36a56f5e3d9d4849
f329c668191e3367609b7bc41cdc48a0,"['4119fd06010c494caa07f439b333f4c5' 'd3835bf3dda84ead99deadbeac5d0d7d'
 '077d2820ae1845bcbb1803379a3d1eae' 'f7e11b0e297a44a896dc67928368f600'
 'de988724cfdf45cebfba3b13c43ceede' '96aad7cb4b7d40e9b7e13b94a67af206'
 'c9632a35146940c2a86167c7726d35e9']",f329c668191e3367609b7bc41cdc48a0
f34047ed9be957245be11e9ab8df28bb,"['4119fd06010c494caa07f439b333f4c5' 'd3835bf3dda84ead99deadbeac5d0d7d'
 '077d2820ae1845bcbb1803379a3d1eae' 'e7ffaee9d31d4d3c96e04f911d0a8f9e'
 'd64ed762ea924caa95c8d06f072a9a96' '222f0ea8a5684123a7045986640ec844']",f34047ed9be957245be11e9ab8df28bb
f61d4cabff020b216061d777c3acd5d3,"['4119fd06010c494caa07f439b333f4c5' 'd3835bf3dda84ead99deadbeac5d0d7d'
 '077d2820ae1845bcbb1803379a3d1eae' '532da08f04f645708e747c57e9c4ee05'
 '3cf0ab4cf14e47ddabd49d500a3dc488' 'a39b72f8921f43ef8ef295c7cc8f7294'
 '9f5adbeb6cf04f089abe78d86cfa6aba']",f61d4cabff020b216061d777c3acd5d3
f8ac24c10a7bc8dc5cc62f5cc543a497,"['4119fd06010c494caa07f439b333f4c5' 'd3835bf3dda84ead99deadbeac5d0d7d'
 '077d2820ae1845bcbb1803379a3d1eae' '68105770b523412388424d984e711917'
 '85c79fd84f5e4f918471c386852204c5' 'f1c6eed066f24cbdb376b910fce29ed4'
 '87915637da3e474c9349bd0ae604bd95' '8f1eba29f39e411188200bf0d14628ec']",f8ac24c10a7bc8dc5cc62f5cc543a497
fa10d28ca3b57c6b180e20d88954027a,"['4119fd06010c494caa07f439b333f4c5' 'd3835bf3dda84ead99deadbeac5d0d7d'
 '077d2820ae1845bcbb1803379a3d1eae' '3d6b216c14354332b1bf1927ba168986'
 'f1c6eed066f24cbdb376b910fce29ed4']",fa10d28ca3b57c6b180e20d88954027a
fc18a717f9840b1f7cff7e8a3dacbc29,"['4119fd06010c494caa07f439b333f4c5' 'd3835bf3dda84ead99deadbeac5d0d7d'
 '077d2820ae1845bcbb1803379a3d1eae' '68105770b523412388424d984e711917'
 '85c79fd84f5e4f918471c386852204c5' '0467928aa65e4a4fba62bdb1467e3a54'
 '43c3390303c6476cb65f584e37c3e81c' 'fa14b16c17e3417dba5a4b473ea5b18d']",fc18a717f9840b1f7cff7e8a3dacbc29
fc5ae552d34d6d1852b07859a0f96722,"['4119fd06010c494caa07f439b333f4c5' 'd3835bf3dda84ead99deadbeac5d0d7d'
 '077d2820ae1845bcbb1803379a3d1eae' 'fbeef791d19b413a9c93c6608286ab63'
 '711eb39432794b0a91110358dd536517' '0e00585b08044954a254116665400463']",fc5ae552d34d6d1852b07859a0f96722
fc61993d2f4b84e88da7c0479a7c8b09,"['4119fd06010c494caa07f439b333f4c5' 'd3835bf3dda84ead99deadbeac5d0d7d'
 '077d2820ae1845bcbb1803379a3d1eae' 'b999ed77e19e4f85b7f1ae79af5c002a']",fc61993d2f4b84e88da7c0479a7c8b09
fce2cc9025ae0fb6f2180ece37d3ab9a,"['4119fd06010c494caa07f439b333f4c5' 'd3835bf3dda84ead99deadbeac5d0d7d'
 '077d2820ae1845bcbb1803379a3d1eae' '1c109cfdc370463eb6d537e5b7b382fb'
 '3d0dcbc8971b415ea18065edc4d8c8ef' '53af055f068244d0ac861b2e89376495'
 'c2999bdca08a478b84b10219875b285e' '263d07354a1b4336b462024288f9bcd3']",fce2cc9025ae0fb6f2180ece37d3ab9a
fea407b542ed67412969ae08575b8a8f,"['4119fd06010c494caa07f439b333f4c5' 'd3835bf3dda84ead99deadbeac5d0d7d'
 '077d2820ae1845bcbb1803379a3d1eae' '3d0dcbc8971b415ea18065edc4d8c8ef'
 '17ed1d92075643579a712cc6c29e8ddb' '9d08f285a7be4c79b8f359c51d51db37'
 '378fc7636eeb4aabbfd40995a6960c64' '4e9ca18ccc1d4527a3bc035d07f5e162'
 'ef00ec3a324f4f5986141401002af3f6']",fea407b542ed67412969ae08575b8a8f
ffecca81d2d2f0fb0b1752286ad2c891,"['4119fd06010c494caa07f439b333f4c5' 'd3835bf3dda84ead99deadbeac5d0d7d'
 '077d2820ae1845bcbb1803379a3d1eae' '3d6b216c14354332b1bf1927ba168986'
 '1c109cfdc370463eb6d537e5b7b382fb' '1eb829d0ace042089f0746f78729696c'
 '015e7b58d1a14b44beab3bbc9f912c18']",ffecca81d2d2f0fb0b1752286ad2c891
